block,year,month,to_change,constraint_begin,constraint_end,TOT_PR,time
24,1999,7,1,1999-07-04 19:00:00,1999-08-13 16:00:00,0.0010650890180841088,1999-07-13 15:00:00
4,2001,7,1,2001-07-02 22:00:00,2001-07-29 16:00:00,0.003696951549500227,2001-07-15 13:00:00
27,2002,7,1,2002-06-28 20:00:00,2002-07-29 21:00:00,0.0017214925028383732,2002-07-15 12:00:00
4,2003,6,1,2003-05-31 00:00:00,2003-06-26 15:00:00,0.0013560198713093996,2003-06-12 17:00:00
5,2003,6,1,2003-05-31 00:00:00,2003-06-26 16:00:00,0.002142209094017744,2003-06-14 15:00:00
13,2005,6,1,2005-05-31 00:00:00,2005-06-29 10:00:00,0.000788963632658124,2005-06-21 19:00:00
26,2005,6,1,2005-05-31 00:00:00,2005-06-29 09:00:00,0.0009522364707663655,2005-06-14 03:00:00
14,2005,7,1,2005-07-04 17:00:00,2005-07-28 04:00:00,0.0007855539442971349,2005-07-26 01:00:00
19,2005,7,1,2005-07-04 17:00:00,2005-08-22 15:00:00,0.0012078435393050313,2005-07-29 23:00:00
10,2005,8,1,2005-08-03 14:00:00,2005-09-01 00:00:00,0.0016685625305399299,2005-08-27 13:00:00
21,2005,8,1,2005-08-03 23:00:00,2005-09-01 00:00:00,0.0014756741002202034,2005-08-18 16:00:00
22,2005,8,1,2005-08-03 13:00:00,2005-09-01 00:00:00,0.0020805075764656067,2005-08-19 19:00:00
23,2005,8,1,2005-08-03 14:00:00,2005-09-01 00:00:00,0.0019307663897052407,2005-08-27 14:00:00
15,2006,8,1,2006-08-04 22:00:00,2006-09-01 00:00:00,0.002105589723214507,2006-08-19 17:00:00
1,2008,6,1,2008-05-31 00:00:00,2008-06-27 19:00:00,0.0010809004306793213,2008-06-06 19:00:00
5,2008,6,1,2008-05-31 00:00:00,2008-06-28 17:00:00,0.0025869670789688826,2008-06-01 22:00:00
7,2008,6,1,2008-05-31 00:00:00,2008-06-27 20:00:00,0.0009655766189098358,2008-06-06 23:00:00
0,1999,6,0,,,0.002385635,1999-06-02 14:00:00
1,1999,6,0,,,0.00258124,1999-06-03 21:00:00
2,1999,6,0,,,0.0012086355,1999-06-03 22:00:00
3,1999,6,0,,,0.003989501,1999-06-02 15:00:00
4,1999,6,0,,,0.005041578,1999-06-13 21:00:00
5,1999,6,0,,,0.0014611408,1999-06-13 22:00:00
6,1999,6,0,,,0.0017292282,1999-06-03 19:00:00
7,1999,6,0,,,0.0022112743,1999-06-13 20:00:00
8,1999,6,0,,,0.0019376249,1999-06-03 21:00:00
9,1999,6,0,,,0.0027102716,1999-06-06 18:00:00
10,1999,6,0,,,0.0061209253,1999-06-02 16:00:00
11,1999,6,0,,,0.008322202,1999-06-02 17:00:00
12,1999,6,0,,,0.0018385611,1999-06-02 17:00:00
13,1999,6,0,,,0.0013493899,1999-06-03 20:00:00
14,1999,6,0,,,0.002286402,1999-06-06 15:00:00
15,1999,6,0,,,0.0017800097,1999-06-03 22:00:00
16,1999,6,0,,,0.0039858646,1999-06-03 22:00:00
17,1999,6,0,,,0.0025897638,1999-06-02 20:00:00
18,1999,6,0,,,0.0019187927,1999-06-02 14:00:00
19,1999,6,0,,,0.004643676,1999-06-02 14:00:00
20,1999,6,0,,,0.002759087,1999-06-02 14:00:00
21,1999,6,0,,,0.0034187245,1999-06-27 01:00:00
22,1999,6,0,,,0.0018652403,1999-06-27 17:00:00
23,1999,6,0,,,0.004366808,1999-06-02 17:00:00
24,1999,6,0,,,0.0017661606,1999-06-29 19:00:00
25,1999,6,0,,,0.0012582705,1999-06-03 17:00:00
26,1999,6,0,,,0.005296411,1999-06-02 15:00:00
27,1999,6,0,,,0.0021524355,1999-06-06 15:00:00
28,1999,6,0,,,0.0028316705,1999-06-27 02:00:00
29,1999,6,0,,,0.002242889,1999-06-02 15:00:00
0,1999,7,0,,,0.0055447607,1999-07-05 18:00:00
1,1999,7,0,,,0.0028797807,1999-07-28 01:00:00
2,1999,7,0,,,0.0031592986,1999-07-28 02:00:00
3,1999,7,0,,,0.0035493216,1999-07-28 03:00:00
4,1999,7,0,,,0.0031870613,1999-07-31 21:00:00
5,1999,7,0,,,0.002992681,1999-07-15 21:00:00
6,1999,7,0,,,0.0040421174,1999-07-13 22:00:00
7,1999,7,0,,,0.006372419,1999-07-05 19:00:00
8,1999,7,0,,,0.0017636126,1999-07-13 23:00:00
9,1999,7,0,,,0.003273451,1999-07-04 20:00:00
10,1999,7,0,,,0.0022242907,1999-07-28 04:00:00
11,1999,7,0,,,0.0019551653,1999-07-04 19:00:00
12,1999,7,0,,,0.004400587,1999-07-05 19:00:00
13,1999,7,0,,,0.0031992274,1999-07-05 19:00:00
14,1999,7,0,,,0.002852041,1999-07-05 20:00:00
15,1999,7,0,,,0.0018821766,1999-07-14 00:00:00
16,1999,7,0,,,0.0020444544,1999-07-28 05:00:00
17,1999,7,0,,,0.0026991135,1999-07-28 06:00:00
18,1999,7,0,,,0.0019096554,1999-07-05 19:00:00
19,1999,7,0,,,0.0042240913,1999-07-05 20:00:00
20,1999,7,0,,,0.0018713004,1999-07-06 01:00:00
21,1999,7,0,,,0.0014612265,1999-07-13 17:00:00
22,1999,7,0,,,0.002231081,1999-07-05 17:00:00
23,1999,7,0,,,0.0025396245,1999-07-28 06:00:00
25,1999,7,0,,,0.0022891178,1999-07-19 07:00:00
26,1999,7,0,,,0.008696681,1999-07-05 21:00:00
27,1999,7,0,,,0.003206102,1999-07-05 21:00:00
28,1999,7,0,,,0.0017628768,1999-07-28 15:00:00
29,1999,7,0,,,0.0025342563,1999-07-04 22:00:00
0,1999,8,0,,,0.0040200707,1999-08-16 12:00:00
1,1999,8,0,,,0.0017821307,1999-08-10 03:00:00
2,1999,8,0,,,0.0022294093,1999-08-16 12:00:00
3,1999,8,0,,,0.0024956008,1999-08-06 14:00:00
4,1999,8,0,,,0.005966859,1999-08-16 18:00:00
5,1999,8,0,,,0.005366798,1999-08-10 14:00:00
6,1999,8,0,,,0.0015627492,1999-08-08 04:00:00
7,1999,8,0,,,0.0017160022,1999-08-10 01:00:00
8,1999,8,0,,,0.0018940382,1999-08-16 14:00:00
9,1999,8,0,,,0.0016187688,1999-08-16 16:00:00
10,1999,8,0,,,0.002932821,1999-08-16 16:00:00
11,1999,8,0,,,0.0033973462,1999-08-16 18:00:00
12,1999,8,0,,,0.0021211293,1999-08-06 20:00:00
13,1999,8,0,,,0.0034433587,1999-08-06 21:00:00
14,1999,8,0,,,0.0026221033,1999-08-07 03:00:00
15,1999,8,0,,,0.0058045997,1999-08-06 22:00:00
16,1999,8,0,,,0.0022185901,1999-08-10 03:00:00
17,1999,8,0,,,0.0023656115,1999-08-10 05:00:00
18,1999,8,0,,,0.0027270392,1999-08-06 17:00:00
19,1999,8,0,,,0.0018440903,1999-08-10 00:00:00
20,1999,8,0,,,0.0040662945,1999-08-06 20:00:00
21,1999,8,0,,,0.004283595,1999-08-06 21:00:00
22,1999,8,0,,,0.0020981855,1999-08-10 02:00:00
23,1999,8,0,,,0.0040032263,1999-08-06 23:00:00
24,1999,8,0,,,0.0018185736,1999-08-18 16:00:00
25,1999,8,0,,,0.0018827745,1999-08-06 18:00:00
26,1999,8,0,,,0.0035940064,1999-08-06 18:00:00
27,1999,8,0,,,0.0038931184,1999-08-06 18:00:00
28,1999,8,0,,,0.002794414,1999-08-10 02:00:00
29,1999,8,0,,,0.004183005,1999-08-10 00:00:00
0,2000,6,0,,,0.0014551003,2000-06-05 16:00:00
1,2000,6,0,,,0.0017188479,2000-06-05 16:00:00
2,2000,6,0,,,0.0015290699,2000-06-09 22:00:00
3,2000,6,0,,,0.0047757095,2000-06-10 16:00:00
4,2000,6,0,,,0.0027288226,2000-06-10 18:00:00
5,2000,6,0,,,0.0028805095,2000-06-10 17:00:00
6,2000,6,0,,,0.00086044293,2000-06-09 14:00:00
7,2000,6,0,,,0.0015318624,2000-06-05 17:00:00
8,2000,6,0,,,0.0011835289,2000-06-05 18:00:00
9,2000,6,0,,,0.0018549678,2000-06-10 18:00:00
10,2000,6,0,,,0.0017001092,2000-06-10 19:00:00
11,2000,6,0,,,0.0012481115,2000-06-10 20:00:00
12,2000,6,0,,,0.0012142947,2000-06-09 15:00:00
13,2000,6,0,,,0.0011090543,2000-06-09 17:00:00
14,2000,6,0,,,0.0017033229,2000-06-05 14:00:00
15,2000,6,0,,,0.0021031199,2000-06-28 06:00:00
16,2000,6,0,,,0.0019506721,2000-06-28 07:00:00
17,2000,6,0,,,0.0014722348,2000-06-28 08:00:00
18,2000,6,0,,,0.00080861524,2000-06-11 16:00:00
19,2000,6,0,,,0.002122148,2000-06-05 11:00:00
20,2000,6,0,,,0.0029293466,2000-06-05 12:00:00
21,2000,6,0,,,0.002023843,2000-06-05 15:00:00
22,2000,6,0,,,0.0011308201,2000-06-05 16:00:00
23,2000,6,0,,,0.0015327598,2000-06-03 18:00:00
24,2000,6,0,,,0.0010334174,2000-06-21 13:00:00
25,2000,6,0,,,0.0014511049,2000-06-09 19:00:00
26,2000,6,0,,,0.0013916497,2000-06-05 12:00:00
27,2000,6,0,,,0.0011652249,2000-06-05 13:00:00
28,2000,6,0,,,0.0019053651,2000-06-05 16:00:00
29,2000,6,0,,,0.0023647905,2000-06-05 17:00:00
0,2000,7,0,,,0.0024911454,2000-07-28 00:00:00
1,2000,7,0,,,0.0028666244,2000-07-03 18:00:00
2,2000,7,0,,,0.0016475341,2000-07-24 18:00:00
3,2000,7,0,,,0.0018436038,2000-07-24 20:00:00
4,2000,7,0,,,0.0058059352,2000-07-04 05:00:00
5,2000,7,0,,,0.0020533632,2000-07-10 16:00:00
6,2000,7,0,,,0.0015648585,2000-07-25 15:00:00
7,2000,7,0,,,0.002959008,2000-07-03 18:00:00
8,2000,7,0,,,0.0029312817,2000-07-03 18:00:00
9,2000,7,0,,,0.0017583511,2000-07-28 02:00:00
10,2000,7,0,,,0.0042464305,2000-07-03 20:00:00
11,2000,7,0,,,0.0031441278,2000-07-24 22:00:00
12,2000,7,0,,,0.00238972,2000-07-03 15:00:00
13,2000,7,0,,,0.0037496078,2000-07-25 16:00:00
14,2000,7,0,,,0.0028217717,2000-07-03 16:00:00
15,2000,7,0,,,0.002561497,2000-07-07 15:00:00
16,2000,7,0,,,0.0037163107,2000-07-03 17:00:00
17,2000,7,0,,,0.0040223715,2000-07-03 20:00:00
18,2000,7,0,,,0.0016685701,2000-07-25 16:00:00
19,2000,7,0,,,0.003098624,2000-07-07 13:00:00
20,2000,7,0,,,0.0036111337,2000-07-03 04:00:00
21,2000,7,0,,,0.0036102848,2000-07-03 17:00:00
22,2000,7,0,,,0.0025586705,2000-07-25 18:00:00
23,2000,7,0,,,0.0059729046,2000-07-03 18:00:00
24,2000,7,0,,,0.0058814334,2000-07-02 18:00:00
25,2000,7,0,,,0.00682968,2000-07-02 19:00:00
26,2000,7,0,,,0.0020311247,2000-07-03 04:00:00
27,2000,7,0,,,0.0041661314,2000-07-02 20:00:00
28,2000,7,0,,,0.005463737,2000-07-03 05:00:00
29,2000,7,0,,,0.002627246,2000-07-25 19:00:00
0,2000,8,0,,,0.004575918,2000-08-21 21:00:00
1,2000,8,0,,,0.0033309325,2000-08-02 12:00:00
2,2000,8,0,,,0.0017520698,2000-08-18 13:00:00
3,2000,8,0,,,0.0021863629,2000-08-03 17:00:00
4,2000,8,0,,,0.0041267164,2000-08-03 07:00:00
5,2000,8,0,,,0.0027787369,2000-08-03 08:00:00
6,2000,8,0,,,0.0037328405,2000-08-21 17:00:00
7,2000,8,0,,,0.00197879,2000-08-21 22:00:00
8,2000,8,0,,,0.0034328501,2000-08-21 22:00:00
9,2000,8,0,,,0.0025110585,2000-08-18 13:00:00
10,2000,8,0,,,0.0020175413,2000-08-04 18:00:00
11,2000,8,0,,,0.0032072957,2000-08-02 14:00:00
12,2000,8,0,,,0.004684487,2000-08-02 05:00:00
13,2000,8,0,,,0.0047981646,2000-08-21 17:00:00
14,2000,8,0,,,0.0052005863,2000-08-21 22:00:00
15,2000,8,0,,,0.0038599223,2000-08-26 15:00:00
16,2000,8,0,,,0.0017528917,2000-08-05 15:00:00
17,2000,8,0,,,0.0015959368,2000-08-18 15:00:00
18,2000,8,0,,,0.002960861,2000-08-26 23:00:00
19,2000,8,0,,,0.0039520133,2000-08-21 17:00:00
20,2000,8,0,,,0.0063992674,2000-08-21 18:00:00
21,2000,8,0,,,0.002957543,2000-08-21 23:00:00
22,2000,8,0,,,0.0034382697,2000-08-21 23:00:00
23,2000,8,0,,,0.0036692033,2000-08-22 00:00:00
24,2000,8,0,,,0.006547125,2000-08-21 03:00:00
25,2000,8,0,,,0.0044059847,2000-08-30 03:00:00
26,2000,8,0,,,0.004393227,2000-08-21 18:00:00
27,2000,8,0,,,0.0038971852,2000-08-21 18:00:00
28,2000,8,0,,,0.0028452345,2000-08-26 16:00:00
29,2000,8,0,,,0.009370195,2000-08-22 00:00:00
0,2001,6,0,,,0.0036990137,2001-06-27 18:00:00
1,2001,6,0,,,0.0031034779,2001-06-27 16:00:00
2,2001,6,0,,,0.0021332046,2001-06-27 14:00:00
3,2001,6,0,,,0.0026243401,2001-06-11 14:00:00
4,2001,6,0,,,0.0022486881,2001-06-27 22:00:00
5,2001,6,0,,,0.0021979476,2001-06-27 18:00:00
6,2001,6,0,,,0.0012656564,2001-06-28 05:00:00
7,2001,6,0,,,0.0018086028,2001-06-06 00:00:00
8,2001,6,0,,,0.0016001264,2001-06-27 14:00:00
9,2001,6,0,,,0.002107164,2001-06-27 15:00:00
10,2001,6,0,,,0.0019406341,2001-06-27 22:00:00
11,2001,6,0,,,0.0023356073,2001-06-16 17:00:00
12,2001,6,0,,,0.001257922,2001-06-16 01:00:00
13,2001,6,0,,,0.0014994635,2001-06-27 18:00:00
14,2001,6,0,,,0.0027904278,2001-06-27 16:00:00
15,2001,6,0,,,0.0016325462,2001-06-28 09:00:00
16,2001,6,0,,,0.0028185244,2001-06-28 10:00:00
17,2001,6,0,,,0.002081668,2001-06-28 11:00:00
18,2001,6,0,,,0.0014665582,2001-06-27 22:00:00
19,2001,6,0,,,0.0026321998,2001-06-27 15:00:00
20,2001,6,0,,,0.0029343553,2001-06-27 16:00:00
21,2001,6,0,,,0.0014987485,2001-06-06 03:00:00
22,2001,6,0,,,0.0012716375,2001-06-06 07:00:00
23,2001,6,0,,,0.0023906627,2001-06-28 12:00:00
24,2001,6,0,,,0.0013855686,2001-06-15 20:00:00
25,2001,6,0,,,0.0024591703,2001-06-27 01:00:00
26,2001,6,0,,,0.0018252273,2001-06-28 00:00:00
27,2001,6,0,,,0.0017572842,2001-06-28 00:00:00
28,2001,6,0,,,0.0019911553,2001-06-06 04:00:00
29,2001,6,0,,,0.001461874,2001-06-28 12:00:00
0,2001,7,0,,,0.002357281,2001-07-30 20:00:00
1,2001,7,0,,,0.0022270188,2001-07-30 21:00:00
2,2001,7,0,,,0.0016975139,2001-07-14 13:00:00
3,2001,7,0,,,0.004252465,2001-07-15 11:00:00
5,2001,7,0,,,0.0036975886,2001-07-15 13:00:00
6,2001,7,0,,,0.0021590798,2001-07-15 00:00:00
7,2001,7,0,,,0.002603273,2001-07-04 16:00:00
8,2001,7,0,,,0.0012483104,2001-07-04 14:00:00
9,2001,7,0,,,0.0029266772,2001-07-15 11:00:00
10,2001,7,0,,,0.004633523,2001-07-15 12:00:00
11,2001,7,0,,,0.0033825436,2001-07-15 14:00:00
12,2001,7,0,,,0.0011589213,2001-07-15 01:00:00
13,2001,7,0,,,0.0026337835,2001-07-15 01:00:00
14,2001,7,0,,,0.001119718,2001-07-15 02:00:00
15,2001,7,0,,,0.0027889325,2001-07-28 15:00:00
16,2001,7,0,,,0.0029703274,2001-07-15 12:00:00
17,2001,7,0,,,0.0021897424,2001-07-15 13:00:00
18,2001,7,0,,,0.0021998722,2001-07-28 13:00:00
19,2001,7,0,,,0.0018927923,2001-07-05 18:00:00
20,2001,7,0,,,0.003011586,2001-07-15 02:00:00
21,2001,7,0,,,0.0016523812,2001-07-28 15:00:00
22,2001,7,0,,,0.0023727454,2001-07-28 15:00:00
23,2001,7,0,,,0.0027939784,2001-07-28 16:00:00
24,2001,7,0,,,0.0031380965,2001-07-28 14:00:00
25,2001,7,0,,,0.0021792909,2001-07-05 16:00:00
26,2001,7,0,,,0.0033170679,2001-07-15 02:00:00
27,2001,7,0,,,0.004390788,2001-07-15 03:00:00
28,2001,7,0,,,0.0019486458,2001-07-31 13:00:00
29,2001,7,0,,,0.007567076,2001-07-28 17:00:00
0,2001,8,0,,,0.00422089,2001-08-19 17:00:00
1,2001,8,0,,,0.0020152044,2001-08-29 20:00:00
2,2001,8,0,,,0.0022104995,2001-08-17 13:00:00
3,2001,8,0,,,0.0028579095,2001-08-04 07:00:00
4,2001,8,0,,,0.005135711,2001-08-03 16:00:00
5,2001,8,0,,,0.0040834295,2001-08-29 23:00:00
6,2001,8,0,,,0.0017439622,2001-08-03 18:00:00
7,2001,8,0,,,0.0037499492,2001-08-19 18:00:00
8,2001,8,0,,,0.0016869422,2001-08-19 17:00:00
9,2001,8,0,,,0.001843479,2001-08-17 15:00:00
10,2001,8,0,,,0.003798457,2001-08-04 08:00:00
11,2001,8,0,,,0.0028878378,2001-08-29 23:00:00
12,2001,8,0,,,0.0014891489,2001-08-16 18:00:00
13,2001,8,0,,,0.0035416686,2001-08-19 19:00:00
14,2001,8,0,,,0.0030005686,2001-08-29 20:00:00
15,2001,8,0,,,0.0019113993,2001-08-31 09:00:00
16,2001,8,0,,,0.00237158,2001-08-19 16:00:00
17,2001,8,0,,,0.0028943762,2001-08-04 05:00:00
18,2001,8,0,,,0.004149683,2001-08-30 03:00:00
19,2001,8,0,,,0.0020831958,2001-08-30 04:00:00
20,2001,8,0,,,0.0020642197,2001-08-30 05:00:00
21,2001,8,0,,,0.003152389,2001-08-17 10:00:00
22,2001,8,0,,,0.0023667975,2001-08-30 07:00:00
23,2001,8,0,,,0.0028147618,2001-08-03 13:00:00
24,2001,8,0,,,0.0042234217,2001-08-30 03:00:00
25,2001,8,0,,,0.0072597507,2001-08-30 04:00:00
26,2001,8,0,,,0.004892255,2001-08-30 05:00:00
27,2001,8,0,,,0.00391337,2001-08-30 06:00:00
28,2001,8,0,,,0.0031799083,2001-08-30 07:00:00
29,2001,8,0,,,0.0017991302,2001-08-30 08:00:00
0,2002,6,0,,,0.0019010785,2002-06-24 05:00:00
1,2002,6,0,,,0.002548708,2002-06-23 18:00:00
2,2002,6,0,,,0.0013582854,2002-06-28 07:00:00
3,2002,6,0,,,0.0044544195,2002-06-05 00:00:00
4,2002,6,0,,,0.0029425945,2002-06-05 01:00:00
5,2002,6,0,,,0.0025762597,2002-06-05 01:00:00
6,2002,6,0,,,0.005118424,2002-06-24 05:00:00
7,2002,6,0,,,0.003860267,2002-06-24 06:00:00
8,2002,6,0,,,0.002399615,2002-06-24 07:00:00
9,2002,6,0,,,0.0037786895,2002-06-05 06:00:00
10,2002,6,0,,,0.0033646217,2002-06-05 12:00:00
11,2002,6,0,,,0.0021398833,2002-06-05 01:00:00
12,2002,6,0,,,0.0023749766,2002-06-24 03:00:00
13,2002,6,0,,,0.0023284531,2002-06-24 03:00:00
14,2002,6,0,,,0.0022965334,2002-06-24 06:00:00
15,2002,6,0,,,0.002568386,2002-06-23 20:00:00
16,2002,6,0,,,0.001917305,2002-06-19 17:00:00
17,2002,6,0,,,0.0022149086,2002-06-24 08:00:00
18,2002,6,0,,,0.0021521505,2002-06-04 22:00:00
19,2002,6,0,,,0.0012905912,2002-06-08 20:00:00
20,2002,6,0,,,0.0021821968,2002-06-23 19:00:00
21,2002,6,0,,,0.0047389455,2002-06-23 20:00:00
22,2002,6,0,,,0.0020477057,2002-06-23 20:00:00
23,2002,6,0,,,0.0030019374,2002-06-23 21:00:00
24,2002,6,0,,,0.003009919,2002-06-04 22:00:00
25,2002,6,0,,,0.0028600662,2002-06-05 00:00:00
26,2002,6,0,,,0.0012003718,2002-06-04 19:00:00
27,2002,6,0,,,0.0027396975,2002-06-23 20:00:00
28,2002,6,0,,,0.0035868052,2002-06-24 06:00:00
29,2002,6,0,,,0.010958072,2002-06-23 21:00:00
0,2002,7,0,,,0.002067129,2002-07-10 07:00:00
1,2002,7,0,,,0.0014709308,2002-07-06 04:00:00
2,2002,7,0,,,0.0013743525,2002-07-06 05:00:00
3,2002,7,0,,,0.0020236531,2002-07-31 22:00:00
4,2002,7,0,,,0.0031381086,2002-07-03 20:00:00
5,2002,7,0,,,0.0035488952,2002-07-13 11:00:00
6,2002,7,0,,,0.0025232981,2002-07-10 04:00:00
7,2002,7,0,,,0.0023882007,2002-07-10 08:00:00
8,2002,7,0,,,0.0017046501,2002-07-06 05:00:00
9,2002,7,0,,,0.0018163502,2002-07-06 06:00:00
10,2002,7,0,,,0.0028968367,2002-07-03 18:00:00
11,2002,7,0,,,0.002726153,2002-07-13 17:00:00
12,2002,7,0,,,0.003243585,2002-07-10 04:00:00
13,2002,7,0,,,0.0033979488,2002-07-10 05:00:00
14,2002,7,0,,,0.0017319903,2002-07-15 11:00:00
15,2002,7,0,,,0.0019497848,2002-07-31 07:00:00
16,2002,7,0,,,0.0018580542,2002-07-21 07:00:00
17,2002,7,0,,,0.0026387037,2002-07-03 18:00:00
18,2002,7,0,,,0.003956435,2002-07-21 02:00:00
19,2002,7,0,,,0.0019476122,2002-07-10 05:00:00
20,2002,7,0,,,0.002166527,2002-07-15 13:00:00
21,2002,7,0,,,0.0019197059,2002-07-15 11:00:00
22,2002,7,0,,,0.0016607709,2002-07-15 09:00:00
23,2002,7,0,,,0.0023587062,2002-07-15 17:00:00
24,2002,7,0,,,0.0015786999,2002-07-09 20:00:00
25,2002,7,0,,,0.004359831,2002-07-21 02:00:00
26,2002,7,0,,,0.0023968227,2002-07-10 06:00:00
28,2002,7,0,,,0.0013798892,2002-07-16 00:00:00
29,2002,7,0,,,0.0045325416,2002-07-15 17:00:00
0,2002,8,0,,,0.0023361694,2002-08-03 18:00:00
1,2002,8,0,,,0.0021878402,2002-08-11 21:00:00
2,2002,8,0,,,0.0011379617,2002-08-03 14:00:00
3,2002,8,0,,,0.0036486445,2002-08-30 23:00:00
4,2002,8,0,,,0.002946907,2002-08-31 01:00:00
5,2002,8,0,,,0.0037112476,2002-08-04 02:00:00
6,2002,8,0,,,0.0019301035,2002-08-21 03:00:00
7,2002,8,0,,,0.0018802828,2002-08-11 16:00:00
8,2002,8,0,,,0.0018715513,2002-08-11 22:00:00
9,2002,8,0,,,0.0018467096,2002-08-11 23:00:00
10,2002,8,0,,,0.0015800304,2002-08-01 00:00:00
11,2002,8,0,,,0.0021646174,2002-08-04 02:00:00
12,2002,8,0,,,0.0025561855,2002-08-11 19:00:00
13,2002,8,0,,,0.001683727,2002-08-03 19:00:00
14,2002,8,0,,,0.002220637,2002-08-04 03:00:00
15,2002,8,0,,,0.0015782112,2002-08-11 21:00:00
16,2002,8,0,,,0.0025681877,2002-08-11 23:00:00
17,2002,8,0,,,0.0030061388,2002-08-12 01:00:00
18,2002,8,0,,,0.0022952217,2002-08-11 07:00:00
19,2002,8,0,,,0.0022727586,2002-08-27 14:00:00
20,2002,8,0,,,0.003222359,2002-08-03 20:00:00
21,2002,8,0,,,0.0022001315,2002-08-03 21:00:00
22,2002,8,0,,,0.0016617568,2002-08-27 16:00:00
23,2002,8,0,,,0.0026800567,2002-08-11 23:00:00
24,2002,8,0,,,0.0017206076,2002-08-11 07:00:00
25,2002,8,0,,,0.0022565925,2002-08-27 15:00:00
26,2002,8,0,,,0.002635433,2002-08-11 02:00:00
27,2002,8,0,,,0.0023473678,2002-08-03 21:00:00
28,2002,8,0,,,0.0025002707,2002-08-03 22:00:00
29,2002,8,0,,,0.0030880375,2002-08-03 17:00:00
0,2003,6,0,,,0.0033359514,2003-06-12 14:00:00
1,2003,6,0,,,0.0026748483,2003-06-12 15:00:00
2,2003,6,0,,,0.0017756844,2003-06-28 15:00:00
3,2003,6,0,,,0.0021743195,2003-06-15 18:00:00
6,2003,6,0,,,0.0024097865,2003-06-12 14:00:00
7,2003,6,0,,,0.004146519,2003-06-12 15:00:00
8,2003,6,0,,,0.004624014,2003-06-12 16:00:00
9,2003,6,0,,,0.0018722144,2003-06-28 16:00:00
10,2003,6,0,,,0.0017205586,2003-06-06 00:00:00
11,2003,6,0,,,0.0019603476,2003-06-14 14:00:00
12,2003,6,0,,,0.00443304,2003-06-05 17:00:00
13,2003,6,0,,,0.0026201284,2003-06-12 14:00:00
14,2003,6,0,,,0.0017667157,2003-06-25 19:00:00
15,2003,6,0,,,0.0033733272,2003-06-12 16:00:00
16,2003,6,0,,,0.0023181404,2003-06-12 17:00:00
17,2003,6,0,,,0.0032092007,2003-06-12 17:00:00
18,2003,6,0,,,0.002775726,2003-06-12 13:00:00
19,2003,6,0,,,0.0056275125,2003-06-12 14:00:00
20,2003,6,0,,,0.003415928,2003-06-05 19:00:00
21,2003,6,0,,,0.003061254,2003-06-05 20:00:00
22,2003,6,0,,,0.002554438,2003-06-05 22:00:00
23,2003,6,0,,,0.002757335,2003-06-05 23:00:00
24,2003,6,0,,,0.003098971,2003-06-22 15:00:00
25,2003,6,0,,,0.0076570245,2003-06-12 14:00:00
26,2003,6,0,,,0.0032309846,2003-06-05 19:00:00
27,2003,6,0,,,0.0061770347,2003-06-22 17:00:00
28,2003,6,0,,,0.00411161,2003-06-05 21:00:00
29,2003,6,0,,,0.0076642856,2003-06-05 22:00:00
0,2003,7,0,,,0.0037642473,2003-07-24 04:00:00
1,2003,7,0,,,0.004337957,2003-07-22 17:00:00
2,2003,7,0,,,0.002677246,2003-07-27 11:00:00
3,2003,7,0,,,0.0016799769,2003-07-22 18:00:00
4,2003,7,0,,,0.0042531285,2003-07-01 15:00:00
5,2003,7,0,,,0.0045851446,2003-07-01 16:00:00
6,2003,7,0,,,0.0015501835,2003-07-16 15:00:00
7,2003,7,0,,,0.0030347346,2003-07-16 15:00:00
8,2003,7,0,,,0.0028690451,2003-07-16 16:00:00
9,2003,7,0,,,0.002685255,2003-07-21 13:00:00
10,2003,7,0,,,0.0036280388,2003-07-23 22:00:00
11,2003,7,0,,,0.002877613,2003-07-01 16:00:00
12,2003,7,0,,,0.0015079373,2003-07-27 14:00:00
13,2003,7,0,,,0.0021934893,2003-07-16 16:00:00
14,2003,7,0,,,0.0028900662,2003-07-16 16:00:00
15,2003,7,0,,,0.0037762048,2003-07-27 16:00:00
16,2003,7,0,,,0.0021846548,2003-07-21 14:00:00
17,2003,7,0,,,0.0021698964,2003-07-01 13:00:00
18,2003,7,0,,,0.00273421,2003-07-27 08:00:00
19,2003,7,0,,,0.0029009501,2003-07-27 08:00:00
20,2003,7,0,,,0.0040031048,2003-07-16 17:00:00
21,2003,7,0,,,0.0034569658,2003-07-22 20:00:00
22,2003,7,0,,,0.0048384974,2003-07-27 17:00:00
23,2003,7,0,,,0.0033171861,2003-07-27 18:00:00
24,2003,7,0,,,0.000999339,2003-07-21 05:00:00
25,2003,7,0,,,0.0028536124,2003-07-27 08:00:00
26,2003,7,0,,,0.005575492,2003-07-27 09:00:00
27,2003,7,0,,,0.0031976309,2003-07-16 18:00:00
28,2003,7,0,,,0.0061611785,2003-07-22 21:00:00
29,2003,7,0,,,0.005231977,2003-07-16 17:00:00
0,2003,8,0,,,0.0043995427,2003-08-29 02:00:00
1,2003,8,0,,,0.002564675,2003-08-29 03:00:00
2,2003,8,0,,,0.0017149985,2003-08-29 04:00:00
3,2003,8,0,,,0.0038952078,2003-08-28 18:00:00
4,2003,8,0,,,0.0054480648,2003-08-18 00:00:00
5,2003,8,0,,,0.0042242734,2003-08-15 21:00:00
6,2003,8,0,,,0.0041346275,2003-08-29 00:00:00
7,2003,8,0,,,0.0036850087,2003-08-29 01:00:00
8,2003,8,0,,,0.0017029484,2003-08-29 04:00:00
9,2003,8,0,,,0.0030708634,2003-08-29 05:00:00
10,2003,8,0,,,0.004624361,2003-08-29 06:00:00
11,2003,8,0,,,0.0032832772,2003-08-29 18:00:00
12,2003,8,0,,,0.0015995608,2003-08-13 17:00:00
13,2003,8,0,,,0.001095466,2003-08-28 23:00:00
14,2003,8,0,,,0.0012731573,2003-08-29 01:00:00
15,2003,8,0,,,0.0020563498,2003-08-13 18:00:00
16,2003,8,0,,,0.0024488566,2003-08-29 05:00:00
17,2003,8,0,,,0.004491949,2003-08-29 06:00:00
18,2003,8,0,,,0.0027309232,2003-08-13 16:00:00
19,2003,8,0,,,0.0021748098,2003-08-28 23:00:00
20,2003,8,0,,,0.0004962816,2003-08-30 04:00:00
21,2003,8,0,,,0.0013649403,2003-08-29 00:00:00
22,2003,8,0,,,0.0010256902,2003-08-29 03:00:00
23,2003,8,0,,,0.0018960453,2003-08-13 20:00:00
24,2003,8,0,,,0.0057293396,2003-08-28 22:00:00
25,2003,8,0,,,0.0053829183,2003-08-28 23:00:00
26,2003,8,0,,,0.00069064857,2003-08-13 18:00:00
27,2003,8,0,,,0.0029489158,2003-08-29 00:00:00
28,2003,8,0,,,0.0043158103,2003-08-07 06:00:00
29,2003,8,0,,,0.000609542,2003-08-30 06:00:00
0,2004,6,0,,,0.003970057,2004-06-28 08:00:00
1,2004,6,0,,,0.0025381048,2004-06-28 08:00:00
2,2004,6,0,,,0.0013988074,2004-06-23 04:00:00
3,2004,6,0,,,0.002195613,2004-06-23 04:00:00
4,2004,6,0,,,0.002023653,2004-06-23 05:00:00
5,2004,6,0,,,0.0016158548,2004-06-19 21:00:00
6,2004,6,0,,,0.00097090245,2004-06-23 14:00:00
7,2004,6,0,,,0.0029740108,2004-06-28 09:00:00
8,2004,6,0,,,0.002112225,2004-06-10 18:00:00
9,2004,6,0,,,0.0015448842,2004-06-23 04:00:00
10,2004,6,0,,,0.0018944544,2004-06-23 05:00:00
11,2004,6,0,,,0.002418348,2004-06-28 16:00:00
12,2004,6,0,,,0.00055275636,2004-06-23 02:00:00
13,2004,6,0,,,0.0010782455,2004-06-10 17:00:00
14,2004,6,0,,,0.002079132,2004-06-10 18:00:00
15,2004,6,0,,,0.002419929,2004-06-28 01:00:00
16,2004,6,0,,,0.0014117182,2004-06-27 16:00:00
17,2004,6,0,,,0.0018585803,2004-06-27 17:00:00
18,2004,6,0,,,0.0016021117,2004-06-23 12:00:00
19,2004,6,0,,,0.00065087504,2004-06-10 17:00:00
20,2004,6,0,,,0.00234578,2004-06-10 17:00:00
21,2004,6,0,,,0.00066233834,2004-06-23 04:00:00
22,2004,6,0,,,0.0020434032,2004-06-27 23:00:00
23,2004,6,0,,,0.0026574591,2004-06-28 00:00:00
24,2004,6,0,,,0.0015609585,2004-06-23 11:00:00
25,2004,6,0,,,0.0008996479,2004-06-23 12:00:00
26,2004,6,0,,,0.0030580545,2004-06-10 17:00:00
27,2004,6,0,,,0.0020446256,2004-06-10 18:00:00
28,2004,6,0,,,0.0013890195,2004-06-23 12:00:00
29,2004,6,0,,,0.001726474,2004-06-13 18:00:00
0,2004,7,0,,,0.0023264545,2004-07-19 18:00:00
1,2004,7,0,,,0.003316273,2004-07-07 14:00:00
2,2004,7,0,,,0.0020670923,2004-07-08 16:00:00
3,2004,7,0,,,0.0038157238,2004-07-08 17:00:00
4,2004,7,0,,,0.0015344153,2004-07-07 17:00:00
5,2004,7,0,,,0.0029516865,2004-07-06 19:00:00
6,2004,7,0,,,0.004283963,2004-07-19 22:00:00
7,2004,7,0,,,0.0019193058,2004-07-19 23:00:00
8,2004,7,0,,,0.003074021,2004-07-07 15:00:00
9,2004,7,0,,,0.006186549,2004-07-08 17:00:00
10,2004,7,0,,,0.0053227604,2004-07-08 18:00:00
11,2004,7,0,,,0.0018518684,2004-07-06 06:00:00
12,2004,7,0,,,0.0030101533,2004-07-05 09:00:00
13,2004,7,0,,,0.0028799332,2004-07-07 15:00:00
14,2004,7,0,,,0.002250175,2004-07-05 10:00:00
15,2004,7,0,,,0.0034626834,2004-07-23 21:00:00
16,2004,7,0,,,0.0043111164,2004-07-08 20:00:00
17,2004,7,0,,,0.003115735,2004-07-08 21:00:00
18,2004,7,0,,,0.004210703,2004-07-07 14:00:00
19,2004,7,0,,,0.0025981693,2004-07-07 15:00:00
20,2004,7,0,,,0.0033784478,2004-07-20 22:00:00
21,2004,7,0,,,0.0039809365,2004-07-08 18:00:00
22,2004,7,0,,,0.0030315286,2004-07-08 19:00:00
23,2004,7,0,,,0.002914882,2004-07-08 20:00:00
24,2004,7,0,,,0.0050895945,2004-07-07 18:00:00
25,2004,7,0,,,0.0033534062,2004-07-07 19:00:00
26,2004,7,0,,,0.0054575647,2004-07-07 16:00:00
27,2004,7,0,,,0.0050970423,2004-07-20 23:00:00
28,2004,7,0,,,0.004053792,2004-07-17 19:00:00
29,2004,7,0,,,0.0051641623,2004-07-07 18:00:00
0,2004,8,0,,,0.0027187404,2004-08-17 20:00:00
1,2004,8,0,,,0.0031945114,2004-08-17 21:00:00
2,2004,8,0,,,0.0020279796,2004-08-17 22:00:00
3,2004,8,0,,,0.0022950673,2004-08-11 01:00:00
4,2004,8,0,,,0.0036537973,2004-08-11 03:00:00
5,2004,8,0,,,0.0026110155,2004-08-11 04:00:00
6,2004,8,0,,,0.0039554816,2004-08-10 19:00:00
7,2004,8,0,,,0.0050614383,2004-08-10 20:00:00
8,2004,8,0,,,0.0026785405,2004-08-17 22:00:00
9,2004,8,0,,,0.0024739911,2004-08-19 17:00:00
10,2004,8,0,,,0.004235283,2004-08-11 01:00:00
11,2004,8,0,,,0.0038756058,2004-08-11 02:00:00
12,2004,8,0,,,0.0029187799,2004-08-19 14:00:00
13,2004,8,0,,,0.007724946,2004-08-10 21:00:00
14,2004,8,0,,,0.0031414058,2004-08-17 22:00:00
15,2004,8,0,,,0.0033394126,2004-08-12 17:00:00
16,2004,8,0,,,0.004219027,2004-08-19 18:00:00
17,2004,8,0,,,0.0041138944,2004-08-19 19:00:00
18,2004,8,0,,,0.00319161,2004-08-18 18:00:00
19,2004,8,0,,,0.0034439852,2004-08-19 15:00:00
20,2004,8,0,,,0.0070815384,2004-08-19 16:00:00
21,2004,8,0,,,0.0029632756,2004-08-17 23:00:00
22,2004,8,0,,,0.0041620117,2004-08-19 17:00:00
23,2004,8,0,,,0.005278679,2004-08-19 18:00:00
24,2004,8,0,,,0.0024035363,2004-08-18 22:00:00
25,2004,8,0,,,0.0049489774,2004-08-19 15:00:00
26,2004,8,0,,,0.0042503835,2004-08-18 20:00:00
27,2004,8,0,,,0.0026023616,2004-08-17 16:00:00
28,2004,8,0,,,0.0050960714,2004-08-19 17:00:00
29,2004,8,0,,,0.00667519,2004-08-19 18:00:00
0,2005,6,0,,,0.0033831904,2005-06-29 15:00:00
1,2005,6,0,,,0.0035397937,2005-06-24 18:00:00
2,2005,6,0,,,0.0012938449,2005-06-14 02:00:00
3,2005,6,0,,,0.0023737994,2005-06-29 18:00:00
4,2005,6,0,,,0.0020372127,2005-06-14 17:00:00
5,2005,6,0,,,0.0043555805,2005-06-30 22:00:00
6,2005,6,0,,,0.0020843546,2005-06-04 00:00:00
7,2005,6,0,,,0.0063923183,2005-06-29 16:00:00
8,2005,6,0,,,0.0044730334,2005-06-29 17:00:00
9,2005,6,0,,,0.0017815647,2005-06-14 03:00:00
10,2005,6,0,,,0.0024115914,2005-06-29 18:00:00
11,2005,6,0,,,0.0025726738,2005-06-29 19:00:00
12,2005,6,0,,,0.0012536666,2005-06-21 19:00:00
14,2005,6,0,,,0.0019110688,2005-06-29 17:00:00
15,2005,6,0,,,0.0020780195,2005-06-21 19:00:00
16,2005,6,0,,,0.0039750654,2005-06-21 18:00:00
17,2005,6,0,,,0.003347654,2005-06-27 15:00:00
18,2005,6,0,,,0.0018950976,2005-06-21 18:00:00
19,2005,6,0,,,0.003358477,2005-06-29 17:00:00
20,2005,6,0,,,0.0022244041,2005-06-29 18:00:00
21,2005,6,0,,,0.0027548166,2005-06-29 19:00:00
22,2005,6,0,,,0.0024773804,2005-06-29 19:00:00
23,2005,6,0,,,0.004489469,2005-06-29 20:00:00
24,2005,6,0,,,0.0021170713,2005-06-21 17:00:00
25,2005,6,0,,,0.0021550811,2005-06-29 17:00:00
27,2005,6,0,,,0.0035706908,2005-06-29 19:00:00
28,2005,6,0,,,0.0045426204,2005-06-29 20:00:00
29,2005,6,0,,,0.0043925247,2005-06-29 20:00:00
0,2005,7,0,,,0.0030662538,2005-07-29 19:00:00
1,2005,7,0,,,0.0016163592,2005-07-29 22:00:00
2,2005,7,0,,,0.0029470597,2005-07-18 14:00:00
3,2005,7,0,,,0.0020692155,2005-07-25 13:00:00
4,2005,7,0,,,0.0012303981,2005-07-25 15:00:00
5,2005,7,0,,,0.0016195086,2005-07-25 16:00:00
6,2005,7,0,,,0.0025030754,2005-07-04 10:00:00
7,2005,7,0,,,0.0024657706,2005-07-29 20:00:00
8,2005,7,0,,,0.0014200535,2005-07-25 11:00:00
9,2005,7,0,,,0.00282957,2005-07-25 14:00:00
10,2005,7,0,,,0.0032045478,2005-07-29 14:00:00
11,2005,7,0,,,0.003989936,2005-07-25 16:00:00
12,2005,7,0,,,0.0044109127,2005-07-04 09:00:00
13,2005,7,0,,,0.0020565176,2005-07-04 10:00:00
15,2005,7,0,,,0.00292275,2005-07-18 12:00:00
16,2005,7,0,,,0.0040090904,2005-07-29 13:00:00
17,2005,7,0,,,0.0027500624,2005-07-04 13:00:00
18,2005,7,0,,,0.0077333003,2005-07-04 08:00:00
20,2005,7,0,,,0.0017330396,2005-07-29 22:00:00
21,2005,7,0,,,0.0031905714,2005-07-29 23:00:00
22,2005,7,0,,,0.003557641,2005-07-29 13:00:00
23,2005,7,0,,,0.0038331826,2005-07-29 14:00:00
24,2005,7,0,,,0.003644714,2005-07-04 08:00:00
25,2005,7,0,,,0.0026953935,2005-07-29 23:00:00
26,2005,7,0,,,0.0042372374,2005-07-04 09:00:00
27,2005,7,0,,,0.0022351134,2005-07-28 04:00:00
28,2005,7,0,,,0.0014244709,2005-07-18 11:00:00
29,2005,7,0,,,0.0033670047,2005-07-26 02:00:00
0,2005,8,0,,,0.0017842953,2005-08-27 09:00:00
1,2005,8,0,,,0.0019345182,2005-08-27 11:00:00
2,2005,8,0,,,0.0018163752,2005-08-27 11:00:00
3,2005,8,0,,,0.0017937502,2005-08-27 12:00:00
4,2005,8,0,,,0.0021849805,2005-08-02 04:00:00
5,2005,8,0,,,0.002467324,2005-08-02 05:00:00
6,2005,8,0,,,0.0017726594,2005-08-27 02:00:00
7,2005,8,0,,,0.0015068671,2005-08-19 15:00:00
8,2005,8,0,,,0.002965812,2005-08-19 16:00:00
9,2005,8,0,,,0.001964218,2005-08-27 12:00:00
11,2005,8,0,,,0.0025107893,2005-08-02 03:00:00
12,2005,8,0,,,0.001652533,2005-08-27 14:00:00
13,2005,8,0,,,0.00103947,2005-08-27 15:00:00
14,2005,8,0,,,0.0012716186,2005-08-02 04:00:00
15,2005,8,0,,,0.004297017,2005-08-19 17:00:00
16,2005,8,0,,,0.002595596,2005-08-19 18:00:00
17,2005,8,0,,,0.0028127108,2005-08-19 17:00:00
18,2005,8,0,,,0.0009883827,2005-08-27 13:00:00
19,2005,8,0,,,0.0017453424,2005-08-27 15:00:00
20,2005,8,0,,,0.0015774374,2005-08-27 12:00:00
24,2005,8,0,,,0.0034898743,2005-08-27 11:00:00
25,2005,8,0,,,0.0013920398,2005-08-27 12:00:00
26,2005,8,0,,,0.0011657439,2005-08-27 16:00:00
27,2005,8,0,,,0.0028124908,2005-08-18 13:00:00
28,2005,8,0,,,0.0016468863,2005-08-02 00:00:00
29,2005,8,0,,,0.0020974956,2005-08-27 15:00:00
0,2006,6,0,,,0.001231714,2006-06-25 14:00:00
1,2006,6,0,,,0.003179432,2006-06-25 18:00:00
2,2006,6,0,,,0.0017764976,2006-06-25 13:00:00
3,2006,6,0,,,0.002268708,2006-06-25 14:00:00
4,2006,6,0,,,0.0009175386,2006-06-25 00:00:00
5,2006,6,0,,,0.004350888,2006-06-30 18:00:00
6,2006,6,0,,,0.0022003052,2006-06-25 14:00:00
7,2006,6,0,,,0.0017827055,2006-06-20 21:00:00
8,2006,6,0,,,0.0019413034,2006-06-25 13:00:00
9,2006,6,0,,,0.0024842888,2006-06-30 14:00:00
10,2006,6,0,,,0.0023398295,2006-06-21 14:00:00
11,2006,6,0,,,0.0019797417,2006-06-25 16:00:00
12,2006,6,0,,,0.0021589836,2006-06-20 22:00:00
13,2006,6,0,,,0.0032339585,2006-06-25 15:00:00
14,2006,6,0,,,0.0017104648,2006-06-20 22:00:00
15,2006,6,0,,,0.0020000516,2006-06-25 14:00:00
16,2006,6,0,,,0.0022369244,2006-06-14 20:00:00
17,2006,6,0,,,0.0018201733,2006-06-26 17:00:00
18,2006,6,0,,,0.0019985763,2006-06-25 15:00:00
19,2006,6,0,,,0.0021698824,2006-06-20 23:00:00
20,2006,6,0,,,0.0039418642,2006-06-21 00:00:00
21,2006,6,0,,,0.0017150003,2006-06-21 02:00:00
22,2006,6,0,,,0.0016019569,2006-06-21 03:00:00
23,2006,6,0,,,0.0023581793,2006-06-27 16:00:00
24,2006,6,0,,,0.0020670146,2006-06-25 15:00:00
25,2006,6,0,,,0.0023510167,2006-06-25 16:00:00
26,2006,6,0,,,0.0025955918,2006-06-25 16:00:00
27,2006,6,0,,,0.0059717395,2006-06-19 16:00:00
28,2006,6,0,,,0.0037925446,2006-06-21 03:00:00
29,2006,6,0,,,0.0016689094,2006-06-30 16:00:00
0,2006,7,0,,,0.0020177406,2006-07-28 01:00:00
1,2006,7,0,,,0.001703187,2006-07-04 21:00:00
2,2006,7,0,,,0.0013294755,2006-07-04 22:00:00
3,2006,7,0,,,0.002664548,2006-07-12 19:00:00
4,2006,7,0,,,0.0022420043,2006-07-12 20:00:00
5,2006,7,0,,,0.0011772764,2006-07-05 20:00:00
6,2006,7,0,,,0.0029332445,2006-07-30 20:00:00
7,2006,7,0,,,0.0018233572,2006-07-30 20:00:00
8,2006,7,0,,,0.001579418,2006-07-30 21:00:00
9,2006,7,0,,,0.0013703601,2006-07-31 15:00:00
10,2006,7,0,,,0.002383426,2006-07-05 19:00:00
11,2006,7,0,,,0.0027283905,2006-07-31 13:00:00
12,2006,7,0,,,0.0034392485,2006-07-06 03:00:00
13,2006,7,0,,,0.0028672845,2006-07-28 03:00:00
14,2006,7,0,,,0.003766218,2006-07-30 21:00:00
15,2006,7,0,,,0.0034409005,2006-07-30 22:00:00
16,2006,7,0,,,0.0044752127,2006-07-05 20:00:00
17,2006,7,0,,,0.0014312352,2006-07-08 17:00:00
18,2006,7,0,,,0.0022686513,2006-07-28 03:00:00
19,2006,7,0,,,0.002605858,2006-07-06 04:00:00
20,2006,7,0,,,0.0018056823,2006-07-28 04:00:00
21,2006,7,0,,,0.002378435,2006-07-28 05:00:00
22,2006,7,0,,,0.0020191562,2006-07-05 20:00:00
23,2006,7,0,,,0.004384869,2006-07-05 21:00:00
24,2006,7,0,,,0.005031044,2006-07-28 04:00:00
25,2006,7,0,,,0.0024934607,2006-07-27 18:00:00
26,2006,7,0,,,0.0047094915,2006-07-28 05:00:00
27,2006,7,0,,,0.002543305,2006-07-27 20:00:00
28,2006,7,0,,,0.002614673,2006-07-28 06:00:00
29,2006,7,0,,,0.002142481,2006-07-28 07:00:00
0,2006,8,0,,,0.0032055085,2006-08-23 22:00:00
1,2006,8,0,,,0.002785982,2006-08-23 23:00:00
2,2006,8,0,,,0.0020716398,2006-08-24 00:00:00
3,2006,8,0,,,0.003463843,2006-08-24 01:00:00
4,2006,8,0,,,0.0032542816,2006-08-24 02:00:00
5,2006,8,0,,,0.0029025616,2006-08-24 02:00:00
6,2006,8,0,,,0.0020142393,2006-08-15 21:00:00
7,2006,8,0,,,0.0011749156,2006-08-28 18:00:00
8,2006,8,0,,,0.0018784079,2006-08-19 17:00:00
9,2006,8,0,,,0.0017194903,2006-08-15 19:00:00
10,2006,8,0,,,0.003197815,2006-08-16 23:00:00
11,2006,8,0,,,0.0028474072,2006-08-24 02:00:00
12,2006,8,0,,,0.0029876516,2006-08-16 22:00:00
13,2006,8,0,,,0.0023826552,2006-08-15 21:00:00
14,2006,8,0,,,0.0017752623,2006-08-15 22:00:00
16,2006,8,0,,,0.0035979263,2006-08-19 18:00:00
17,2006,8,0,,,0.0021253263,2006-08-19 19:00:00
18,2006,8,0,,,0.003269721,2006-08-16 20:00:00
19,2006,8,0,,,0.0016833394,2006-08-19 06:00:00
20,2006,8,0,,,0.0024596285,2006-08-18 23:00:00
21,2006,8,0,,,0.0025285217,2006-08-15 23:00:00
22,2006,8,0,,,0.0015319897,2006-08-16 00:00:00
23,2006,8,0,,,0.002771557,2006-08-19 19:00:00
24,2006,8,0,,,0.0021862916,2006-08-16 18:00:00
25,2006,8,0,,,0.0033494153,2006-08-16 19:00:00
26,2006,8,0,,,0.0012824136,2006-08-17 00:00:00
27,2006,8,0,,,0.002521702,2006-08-15 23:00:00
28,2006,8,0,,,0.0016103183,2006-08-16 00:00:00
29,2006,8,0,,,0.0019472121,2006-08-04 15:00:00
0,2007,6,0,,,0.002513668,2007-06-20 22:00:00
1,2007,6,0,,,0.0024763446,2007-06-14 16:00:00
2,2007,6,0,,,0.0017321846,2007-06-21 05:00:00
3,2007,6,0,,,0.002583664,2007-06-15 07:00:00
4,2007,6,0,,,0.00542234,2007-06-20 22:00:00
5,2007,6,0,,,0.0037993428,2007-06-20 23:00:00
6,2007,6,0,,,0.0042936364,2007-06-20 22:00:00
7,2007,6,0,,,0.003299073,2007-06-20 23:00:00
8,2007,6,0,,,0.0024763746,2007-06-14 17:00:00
9,2007,6,0,,,0.003703664,2007-06-21 06:00:00
10,2007,6,0,,,0.00332336,2007-06-21 07:00:00
11,2007,6,0,,,0.0031536492,2007-06-20 20:00:00
12,2007,6,0,,,0.0027617891,2007-06-14 14:00:00
13,2007,6,0,,,0.0031801849,2007-06-20 23:00:00
14,2007,6,0,,,0.0038113156,2007-06-21 00:00:00
15,2007,6,0,,,0.0024041277,2007-06-21 06:00:00
16,2007,6,0,,,0.005608405,2007-06-21 07:00:00
17,2007,6,0,,,0.002827333,2007-06-25 17:00:00
18,2007,6,0,,,0.0023258757,2007-06-14 15:00:00
19,2007,6,0,,,0.0020153248,2007-06-21 04:00:00
20,2007,6,0,,,0.0019899963,2007-06-21 05:00:00
21,2007,6,0,,,0.0034191303,2007-06-14 18:00:00
22,2007,6,0,,,0.0028290718,2007-06-21 07:00:00
23,2007,6,0,,,0.0038601756,2007-06-21 08:00:00
24,2007,6,0,,,0.0022645413,2007-06-14 15:00:00
25,2007,6,0,,,0.0021992761,2007-06-05 19:00:00
26,2007,6,0,,,0.0021072133,2007-06-21 06:00:00
27,2007,6,0,,,0.0025827095,2007-06-20 03:00:00
28,2007,6,0,,,0.004376193,2007-06-20 04:00:00
29,2007,6,0,,,0.0018327491,2007-06-09 04:00:00
0,2007,7,0,,,0.0015944777,2007-07-01 22:00:00
1,2007,7,0,,,0.0016577307,2007-07-02 02:00:00
2,2007,7,0,,,0.0012194212,2007-07-22 16:00:00
3,2007,7,0,,,0.0019726255,2007-07-09 04:00:00
4,2007,7,0,,,0.002849634,2007-07-02 13:00:00
5,2007,7,0,,,0.002742569,2007-07-02 14:00:00
6,2007,7,0,,,0.0014557191,2007-07-08 18:00:00
7,2007,7,0,,,0.0026183352,2007-07-08 22:00:00
8,2007,7,0,,,0.0016815211,2007-07-02 00:00:00
9,2007,7,0,,,0.0016458269,2007-07-02 05:00:00
10,2007,7,0,,,0.0022059483,2007-07-22 18:00:00
11,2007,7,0,,,0.002655366,2007-07-01 22:00:00
12,2007,7,0,,,0.0018265218,2007-07-08 15:00:00
13,2007,7,0,,,0.0024369159,2007-07-08 16:00:00
14,2007,7,0,,,0.0021075613,2007-07-23 20:00:00
15,2007,7,0,,,0.0022614351,2007-07-08 23:00:00
16,2007,7,0,,,0.0019719317,2007-07-02 05:00:00
17,2007,7,0,,,0.0020086656,2007-07-22 19:00:00
18,2007,7,0,,,0.0024967343,2007-07-01 19:00:00
19,2007,7,0,,,0.0024003256,2007-07-01 20:00:00
20,2007,7,0,,,0.0013184735,2007-07-02 03:00:00
21,2007,7,0,,,0.004641527,2007-07-23 21:00:00
22,2007,7,0,,,0.0026611618,2007-07-23 22:00:00
23,2007,7,0,,,0.0015327926,2007-07-08 19:00:00
24,2007,7,0,,,0.004233066,2007-07-01 19:00:00
25,2007,7,0,,,0.004379945,2007-07-19 20:00:00
26,2007,7,0,,,0.002901534,2007-07-19 21:00:00
27,2007,7,0,,,0.0018604012,2007-07-23 17:00:00
28,2007,7,0,,,0.0039130924,2007-07-23 21:00:00
29,2007,7,0,,,0.0022539902,2007-07-23 22:00:00
0,2007,8,0,,,0.0015773032,2007-08-16 04:00:00
1,2007,8,0,,,0.0011511969,2007-08-06 19:00:00
2,2007,8,0,,,0.00127842,2007-08-07 16:00:00
3,2007,8,0,,,0.0019454014,2007-08-21 23:00:00
4,2007,8,0,,,0.00403863,2007-08-08 13:00:00
5,2007,8,0,,,0.004725186,2007-08-16 15:00:00
6,2007,8,0,,,0.0014516843,2007-08-02 16:00:00
7,2007,8,0,,,0.003374218,2007-08-06 19:00:00
8,2007,8,0,,,0.0016778575,2007-08-07 15:00:00
9,2007,8,0,,,0.0017095697,2007-08-08 11:00:00
10,2007,8,0,,,0.0029878046,2007-08-16 15:00:00
11,2007,8,0,,,0.0027700276,2007-08-08 14:00:00
12,2007,8,0,,,0.0028701185,2007-08-15 22:00:00
13,2007,8,0,,,0.0025468348,2007-08-06 20:00:00
14,2007,8,0,,,0.0025974882,2007-08-06 18:00:00
15,2007,8,0,,,0.0019875234,2007-08-16 06:00:00
16,2007,8,0,,,0.0019738602,2007-08-08 11:00:00
17,2007,8,0,,,0.0022471235,2007-08-07 20:00:00
18,2007,8,0,,,0.0028950148,2007-08-15 23:00:00
19,2007,8,0,,,0.0029321506,2007-08-16 00:00:00
20,2007,8,0,,,0.0028728426,2007-08-06 21:00:00
21,2007,8,0,,,0.0029877,2007-08-06 20:00:00
22,2007,8,0,,,0.0018141139,2007-08-06 22:00:00
23,2007,8,0,,,0.0025388882,2007-08-13 16:00:00
24,2007,8,0,,,0.0027434519,2007-08-15 22:00:00
25,2007,8,0,,,0.0025909273,2007-08-16 00:00:00
26,2007,8,0,,,0.0029161165,2007-08-06 21:00:00
27,2007,8,0,,,0.0031659016,2007-08-06 21:00:00
28,2007,8,0,,,0.0027374672,2007-08-06 23:00:00
29,2007,8,0,,,0.0049066897,2007-08-07 00:00:00
0,2008,6,0,,,0.0020004422,2008-06-30 16:00:00
2,2008,6,0,,,0.00091622677,2008-06-30 16:00:00
3,2008,6,0,,,0.0019708828,2008-06-07 00:00:00
4,2008,6,0,,,0.0019481097,2008-06-07 03:00:00
6,2008,6,0,,,0.0014502848,2008-06-01 14:00:00
8,2008,6,0,,,0.0012598062,2008-06-24 18:00:00
9,2008,6,0,,,0.0012906012,2008-06-10 17:00:00
10,2008,6,0,,,0.0014274671,2008-06-22 17:00:00
11,2008,6,0,,,0.0021701066,2008-06-26 17:00:00
12,2008,6,0,,,0.0011232384,2008-06-01 14:00:00
13,2008,6,0,,,0.0007272232,2008-06-06 00:00:00
14,2008,6,0,,,0.0012331022,2008-06-24 17:00:00
15,2008,6,0,,,0.0012134355,2008-06-03 01:00:00
16,2008,6,0,,,0.001421276,2008-06-03 00:00:00
17,2008,6,0,,,0.0033465857,2008-06-24 15:00:00
18,2008,6,0,,,0.001129378,2008-06-01 15:00:00
19,2008,6,0,,,0.0008470454,2008-06-06 01:00:00
20,2008,6,0,,,0.0008101432,2008-06-06 03:00:00
21,2008,6,0,,,0.00081556675,2008-06-03 01:00:00
22,2008,6,0,,,0.0015028906,2008-06-03 01:00:00
23,2008,6,0,,,0.0019698963,2008-06-03 00:00:00
24,2008,6,0,,,0.0005926429,2008-06-07 04:00:00
25,2008,6,0,,,0.0009253735,2008-06-06 02:00:00
26,2008,6,0,,,0.0013289853,2008-06-06 04:00:00
27,2008,6,0,,,0.0007962301,2008-06-06 06:00:00
28,2008,6,0,,,0.0013765319,2008-06-03 02:00:00
29,2008,6,0,,,0.0026134173,2008-06-02 14:00:00
0,2008,7,0,,,0.002075722,2008-07-20 02:00:00
1,2008,7,0,,,0.0028774673,2008-07-02 19:00:00
2,2008,7,0,,,0.0020200796,2008-07-12 13:00:00
3,2008,7,0,,,0.0035105972,2008-07-03 15:00:00
4,2008,7,0,,,0.0044003255,2008-07-06 23:00:00
5,2008,7,0,,,0.004360562,2008-07-03 17:00:00
6,2008,7,0,,,0.0023328804,2008-07-03 03:00:00
7,2008,7,0,,,0.0024928183,2008-07-02 20:00:00
8,2008,7,0,,,0.0024993669,2008-07-11 17:00:00
9,2008,7,0,,,0.0040827226,2008-07-12 14:00:00
10,2008,7,0,,,0.005282797,2008-07-12 15:00:00
11,2008,7,0,,,0.0039062994,2008-07-12 16:00:00
12,2008,7,0,,,0.00247837,2008-07-12 05:00:00
13,2008,7,0,,,0.0022816826,2008-07-12 06:00:00
14,2008,7,0,,,0.0040014675,2008-07-20 03:00:00
15,2008,7,0,,,0.003137507,2008-07-02 21:00:00
16,2008,7,0,,,0.0033784185,2008-07-26 17:00:00
17,2008,7,0,,,0.003805598,2008-07-12 16:00:00
18,2008,7,0,,,0.0019728038,2008-07-03 03:00:00
19,2008,7,0,,,0.0024574248,2008-07-12 06:00:00
20,2008,7,0,,,0.0029317029,2008-07-02 19:00:00
21,2008,7,0,,,0.0040843193,2008-07-20 04:00:00
22,2008,7,0,,,0.0035573493,2008-07-20 04:00:00
23,2008,7,0,,,0.0050015803,2008-07-20 05:00:00
24,2008,7,0,,,0.0015749901,2008-07-03 00:00:00
25,2008,7,0,,,0.0021822553,2008-07-20 03:00:00
26,2008,7,0,,,0.0025529156,2008-07-12 07:00:00
27,2008,7,0,,,0.0033534616,2008-07-03 07:00:00
28,2008,7,0,,,0.004059205,2008-07-20 02:00:00
29,2008,7,0,,,0.0082040485,2008-07-20 05:00:00
0,2008,8,0,,,0.0017830599,2008-08-24 19:00:00
1,2008,8,0,,,0.0026824018,2008-08-12 19:00:00
2,2008,8,0,,,0.0021409655,2008-08-15 04:00:00
3,2008,8,0,,,0.003945276,2008-08-25 02:00:00
4,2008,8,0,,,0.0029171908,2008-08-15 08:00:00
5,2008,8,0,,,0.0050932253,2008-08-07 22:00:00
6,2008,8,0,,,0.002956037,2008-08-07 15:00:00
7,2008,8,0,,,0.0027036062,2008-08-31 21:00:00
8,2008,8,0,,,0.0020841672,2008-08-12 18:00:00
9,2008,8,0,,,0.0042268625,2008-08-15 05:00:00
10,2008,8,0,,,0.0036970978,2008-08-07 20:00:00
11,2008,8,0,,,0.0034552445,2008-08-15 06:00:00
12,2008,8,0,,,0.0018188194,2008-08-12 13:00:00
13,2008,8,0,,,0.0034308927,2008-08-31 22:00:00
14,2008,8,0,,,0.002173942,2008-08-12 17:00:00
15,2008,8,0,,,0.0019914012,2008-08-15 11:00:00
16,2008,8,0,,,0.003349482,2008-08-14 18:00:00
17,2008,8,0,,,0.0046915323,2008-08-14 19:00:00
18,2008,8,0,,,0.001638141,2008-08-07 15:00:00
19,2008,8,0,,,0.004890912,2008-08-07 16:00:00
20,2008,8,0,,,0.0013223826,2008-08-15 07:00:00
21,2008,8,0,,,0.0015339059,2008-08-15 01:00:00
22,2008,8,0,,,0.003069288,2008-08-01 17:00:00
23,2008,8,0,,,0.0026380466,2008-08-08 03:00:00
24,2008,8,0,,,0.0014421941,2008-08-07 15:00:00
25,2008,8,0,,,0.005882593,2008-08-07 16:00:00
26,2008,8,0,,,0.003109196,2008-08-07 18:00:00
27,2008,8,0,,,0.0012560566,2008-08-15 09:00:00
28,2008,8,0,,,0.0014764345,2008-08-12 18:00:00
29,2008,8,0,,,0.0022841159,2008-08-12 18:00:00
0,2009,6,0,,,0.0019483519,2009-06-06 02:00:00
1,2009,6,0,,,0.0015110126,2009-06-15 17:00:00
2,2009,6,0,,,0.001873427,2009-06-06 05:00:00
3,2009,6,0,,,0.0027074313,2009-06-06 06:00:00
4,2009,6,0,,,0.0044001625,2009-06-06 11:00:00
5,2009,6,0,,,0.0034571819,2009-06-06 12:00:00
6,2009,6,0,,,0.002345207,2009-06-05 21:00:00
7,2009,6,0,,,0.0014511817,2009-06-05 20:00:00
8,2009,6,0,,,0.0008860638,2009-06-02 00:00:00
9,2009,6,0,,,0.0022778274,2009-06-06 06:00:00
10,2009,6,0,,,0.0037635218,2009-06-06 11:00:00
11,2009,6,0,,,0.0030499857,2009-06-06 12:00:00
12,2009,6,0,,,0.0018568345,2009-06-06 00:00:00
13,2009,6,0,,,0.0014619979,2009-06-06 01:00:00
14,2009,6,0,,,0.0013235342,2009-06-19 08:00:00
15,2009,6,0,,,0.0009541583,2009-06-16 07:00:00
16,2009,6,0,,,0.0020972965,2009-06-06 07:00:00
17,2009,6,0,,,0.0013066721,2009-06-06 12:00:00
18,2009,6,0,,,0.0011877331,2009-06-06 00:00:00
19,2009,6,0,,,0.0011171675,2009-06-01 10:00:00
20,2009,6,0,,,0.0014958375,2009-06-06 02:00:00
21,2009,6,0,,,0.0012453895,2009-06-01 22:00:00
22,2009,6,0,,,0.001549165,2009-06-01 21:00:00
23,2009,6,0,,,0.0013827742,2009-06-01 19:00:00
24,2009,6,0,,,0.0040474706,2009-06-15 07:00:00
25,2009,6,0,,,0.0019062894,2009-06-01 11:00:00
26,2009,6,0,,,0.0011108875,2009-06-27 04:00:00
27,2009,6,0,,,0.0028971909,2009-06-01 15:00:00
28,2009,6,0,,,0.0016334925,2009-06-27 07:00:00
29,2009,6,0,,,0.0017717206,2009-06-06 08:00:00
0,2009,7,0,,,0.0008385625,2009-07-27 19:00:00
1,2009,7,0,,,0.0013988354,2009-07-05 12:00:00
2,2009,7,0,,,0.0020117527,2009-07-17 11:00:00
3,2009,7,0,,,0.002673241,2009-07-17 15:00:00
4,2009,7,0,,,0.0017496076,2009-07-07 02:00:00
5,2009,7,0,,,0.0049232114,2009-07-07 03:00:00
6,2009,7,0,,,0.0020138358,2009-07-05 11:00:00
7,2009,7,0,,,0.0023684145,2009-07-27 20:00:00
8,2009,7,0,,,0.0026997332,2009-07-27 21:00:00
9,2009,7,0,,,0.0026192276,2009-07-17 12:00:00
10,2009,7,0,,,0.0038272229,2009-07-16 22:00:00
11,2009,7,0,,,0.0031262378,2009-07-17 19:00:00
12,2009,7,0,,,0.0022398895,2009-07-27 18:00:00
13,2009,7,0,,,0.003148823,2009-07-27 19:00:00
14,2009,7,0,,,0.0029921522,2009-07-27 20:00:00
15,2009,7,0,,,0.0026823182,2009-07-27 21:00:00
16,2009,7,0,,,0.004043965,2009-07-17 12:00:00
17,2009,7,0,,,0.0022623688,2009-07-17 18:00:00
18,2009,7,0,,,0.0014270521,2009-07-13 21:00:00
19,2009,7,0,,,0.0020664064,2009-07-17 06:00:00
20,2009,7,0,,,0.0017079907,2009-07-27 19:00:00
21,2009,7,0,,,0.0036423367,2009-07-27 20:00:00
22,2009,7,0,,,0.0039294492,2009-07-27 21:00:00
23,2009,7,0,,,0.0036485211,2009-07-27 22:00:00
24,2009,7,0,,,0.0033666557,2009-07-17 03:00:00
25,2009,7,0,,,0.0021394442,2009-07-06 00:00:00
26,2009,7,0,,,0.0017318423,2009-07-17 05:00:00
27,2009,7,0,,,0.0016399584,2009-07-27 20:00:00
28,2009,7,0,,,0.0028227225,2009-07-23 15:00:00
29,2009,7,0,,,0.0034937225,2009-07-23 16:00:00
0,2009,8,0,,,0.0007231061,2009-08-15 16:00:00
1,2009,8,0,,,0.00323317,2009-08-20 19:00:00
2,2009,8,0,,,0.0028020402,2009-08-25 15:00:00
3,2009,8,0,,,0.0024455197,2009-08-02 11:00:00
4,2009,8,0,,,0.0030220374,2009-08-25 20:00:00
5,2009,8,0,,,0.0038830228,2009-08-25 19:00:00
6,2009,8,0,,,0.0018918286,2009-08-21 04:00:00
7,2009,8,0,,,0.0011606854,2009-08-24 19:00:00
8,2009,8,0,,,0.0012682503,2009-08-24 16:00:00
9,2009,8,0,,,0.0031808352,2009-08-25 16:00:00
10,2009,8,0,,,0.003742869,2009-08-01 20:00:00
11,2009,8,0,,,0.0033336794,2009-08-02 15:00:00
12,2009,8,0,,,0.002026219,2009-08-21 04:00:00
13,2009,8,0,,,0.002538611,2009-08-21 05:00:00
14,2009,8,0,,,0.0013128859,2009-08-19 16:00:00
15,2009,8,0,,,0.0022034007,2009-08-19 17:00:00
16,2009,8,0,,,0.0039545707,2009-08-25 17:00:00
17,2009,8,0,,,0.0020304632,2009-08-02 13:00:00
18,2009,8,0,,,0.0013184084,2009-08-08 05:00:00
19,2009,8,0,,,0.0017043244,2009-08-20 21:00:00
20,2009,8,0,,,0.0022645006,2009-08-21 06:00:00
21,2009,8,0,,,0.0020042988,2009-08-19 19:00:00
22,2009,8,0,,,0.0009755567,2009-08-02 14:00:00
23,2009,8,0,,,0.0019444115,2009-08-25 18:00:00
24,2009,8,0,,,0.003975475,2009-08-15 22:00:00
25,2009,8,0,,,0.0019784146,2009-08-08 06:00:00
26,2009,8,0,,,0.0016232285,2009-08-21 05:00:00
27,2009,8,0,,,0.0036291878,2009-08-08 09:00:00
28,2009,8,0,,,0.0019749482,2009-08-02 13:00:00
29,2009,8,0,,,0.0017133016,2009-08-15 19:00:00
