block,TOT_PR,time,year,month,index,to_change,constraint_begin,constraint_end,level_0
0,0.001813681,2079-06-27 05:00:00,2079,6,0,0,,,
1,0.0015381167,2079-06-02 22:00:00,2079,6,1,0,,,
2,0.0031681317,2079-06-27 16:00:00,2079,6,2,0,,,
3,0.0037717845,2079-06-02 15:00:00,2079,6,3,0,,,
4,0.0026601627,2079-06-27 18:00:00,2079,6,4,0,,,
5,0.0034181941,2079-06-13 05:00:00,2079,6,5,0,,,
6,0.004358088,2079-06-27 05:00:00,2079,6,6,0,,,
7,0.004126078,2079-06-02 15:00:00,2079,6,7,0,,,
8,0.002009414,2079-06-02 16:00:00,2079,6,8,0,,,
9,0.0039817416,2079-06-02 18:00:00,2079,6,9,0,,,
10,0.0030066227,2079-06-04 03:00:00,2079,6,10,0,,,
11,0.0029288481,2079-06-27 19:00:00,2079,6,11,0,,,
12,0.0054123444,2079-06-02 02:00:00,2079,6,12,0,,,
13,0.005516082,2079-06-02 03:00:00,2079,6,13,0,,,
14,0.0067147487,2079-06-02 16:00:00,2079,6,14,0,,,
15,0.0031359566,2079-06-02 17:00:00,2079,6,15,0,,,
16,0.0033474972,2079-06-27 16:00:00,2079,6,16,0,,,
17,0.00286293,2079-06-27 17:00:00,2079,6,17,0,,,
18,0.005161395,2079-06-02 15:00:00,2079,6,18,0,,,
19,0.0047716894,2079-06-01 21:00:00,2079,6,19,0,,,
20,0.0054896837,2079-06-01 22:00:00,2079,6,20,0,,,
21,0.0039248625,2079-06-02 17:00:00,2079,6,21,0,,,
22,0.004871135,2079-06-02 17:00:00,2079,6,22,0,,,
23,0.0024671669,2079-06-27 08:00:00,2079,6,23,0,,,
24,0.0058816522,2079-06-01 21:00:00,2079,6,24,0,,,
25,0.006207184,2079-06-02 16:00:00,2079,6,25,0,,,
26,0.009496872,2079-06-02 17:00:00,2079,6,26,0,,,
27,0.003893021,2079-06-02 17:00:00,2079,6,27,0,,,
28,0.008738993,2079-06-01 23:00:00,2079,6,28,0,,,
29,0.0045358306,2079-06-02 19:00:00,2079,6,29,0,,,
0,0.004224069,2079-07-06 11:00:00,2079,7,30,0,,,
1,0.0023376227,2079-07-28 12:00:00,2079,7,31,0,,,
2,0.0031633244,2079-07-31 12:00:00,2079,7,32,0,,,
3,0.0031527749,2079-07-31 13:00:00,2079,7,33,0,,,
4,0.0039706323,2079-07-31 14:00:00,2079,7,34,0,,,
6,0.0023430663,2079-07-31 16:00:00,2079,7,36,0,,,
7,0.0023794079,2079-07-06 13:00:00,2079,7,37,0,,,
8,0.0036662903,2079-07-28 13:00:00,2079,7,38,0,,,
9,0.0021184983,2079-07-28 19:00:00,2079,7,39,0,,,
10,0.003987804,2079-07-28 20:00:00,2079,7,40,0,,,
11,0.004782769,2079-07-31 15:00:00,2079,7,41,0,,,
12,0.0026190015,2079-07-05 19:00:00,2079,7,42,0,,,
13,0.0036114429,2079-07-31 18:00:00,2079,7,43,0,,,
14,0.0038245255,2079-07-28 14:00:00,2079,7,44,0,,,
15,0.0037165491,2079-07-06 17:00:00,2079,7,45,0,,,
16,0.0022509499,2079-07-28 21:00:00,2079,7,46,0,,,
17,0.002182934,2079-07-28 23:00:00,2079,7,47,0,,,
18,0.0036450727,2079-07-05 20:00:00,2079,7,48,0,,,
19,0.0014612856,2079-07-19 07:00:00,2079,7,49,0,,,
20,0.0017117071,2079-07-18 22:00:00,2079,7,50,0,,,
21,0.0027947624,2079-07-28 15:00:00,2079,7,51,0,,,
22,0.007792769,2079-07-06 15:00:00,2079,7,52,0,,,
23,0.0038675554,2079-07-28 14:00:00,2079,7,53,0,,,
24,0.004219014,2079-07-28 18:00:00,2079,7,54,0,,,
25,0.0032061085,2079-07-05 21:00:00,2079,7,55,0,,,
26,0.0042448295,2079-07-19 08:00:00,2079,7,56,0,,,
27,0.0035941857,2079-07-05 16:00:00,2079,7,57,0,,,
28,0.0053694174,2079-07-06 16:00:00,2079,7,58,0,,,
29,0.009580042,2079-07-06 16:00:00,2079,7,59,0,,,
0,0.00049153395,2079-08-07 18:00:00,2079,8,60,0,,,
1,0.0025271869,2079-08-06 18:00:00,2079,8,61,0,,,
2,0.0030099428,2079-08-06 18:00:00,2079,8,62,0,,,
3,0.0018406305,2079-08-06 19:00:00,2079,8,63,0,,,
5,0.004264633,2079-08-04 02:00:00,2079,8,65,0,,,
6,0.002453839,2079-08-08 05:00:00,2079,8,66,0,,,
7,0.0017983398,2079-08-07 19:00:00,2079,8,67,0,,,
8,0.0032862409,2079-08-06 18:00:00,2079,8,68,0,,,
9,0.0034297907,2079-08-06 19:00:00,2079,8,69,0,,,
10,0.0050266073,2079-08-06 20:00:00,2079,8,70,0,,,
11,0.004306419,2079-08-06 21:00:00,2079,8,71,0,,,
12,0.0059070657,2079-08-08 05:00:00,2079,8,72,0,,,
13,0.0024877314,2079-08-08 06:00:00,2079,8,73,0,,,
14,0.003947405,2079-08-06 19:00:00,2079,8,74,0,,,
15,0.0022795086,2079-08-06 19:00:00,2079,8,75,0,,,
16,0.0026931227,2079-08-06 16:00:00,2079,8,76,0,,,
17,0.0019564824,2079-08-06 16:00:00,2079,8,77,0,,,
18,0.002172703,2079-08-06 18:00:00,2079,8,78,0,,,
19,0.0017291832,2079-08-06 13:00:00,2079,8,79,0,,,
20,0.0054423963,2079-08-06 19:00:00,2079,8,80,0,,,
21,0.0039995913,2079-08-06 20:00:00,2079,8,81,0,,,
22,0.004249554,2079-08-06 20:00:00,2079,8,82,0,,,
23,0.003256038,2079-08-07 22:00:00,2079,8,83,0,,,
24,0.004409436,2079-08-06 18:00:00,2079,8,84,0,,,
25,0.0034647735,2079-08-06 12:00:00,2079,8,85,0,,,
26,0.004128328,2079-08-06 19:00:00,2079,8,86,0,,,
27,0.0024839889,2079-08-06 20:00:00,2079,8,87,0,,,
28,0.0074425545,2079-08-06 20:00:00,2079,8,88,0,,,
29,0.0028939405,2079-08-06 21:00:00,2079,8,89,0,,,
0,0.0012676379,2080-06-05 13:00:00,2080,6,90,0,,,
1,0.0018591295,2080-06-05 15:00:00,2080,6,91,0,,,
2,0.0023760868,2080-06-05 17:00:00,2080,6,92,0,,,
3,0.0035656744,2080-06-11 01:00:00,2080,6,93,0,,,
4,0.0016038573,2080-06-11 13:00:00,2080,6,94,0,,,
5,0.0010046388,2080-06-04 22:00:00,2080,6,95,0,,,
6,0.00109735,2080-06-05 11:00:00,2080,6,96,0,,,
7,0.0020961966,2080-06-11 09:00:00,2080,6,97,0,,,
8,0.0035332579,2080-06-11 10:00:00,2080,6,98,0,,,
9,0.0016689702,2080-06-05 18:00:00,2080,6,99,0,,,
10,0.0014812141,2080-06-04 23:00:00,2080,6,100,0,,,
11,0.0015552286,2080-06-11 13:00:00,2080,6,101,0,,,
12,0.0009436802,2080-06-05 12:00:00,2080,6,102,0,,,
13,0.0016322248,2080-06-05 10:00:00,2080,6,103,0,,,
14,0.0026528763,2080-06-05 12:00:00,2080,6,104,0,,,
15,0.0047621825,2080-06-11 11:00:00,2080,6,105,0,,,
16,0.002845782,2080-06-11 13:00:00,2080,6,106,0,,,
17,0.005557566,2080-06-11 14:00:00,2080,6,107,0,,,
18,0.0010113246,2080-06-05 08:00:00,2080,6,108,0,,,
19,0.0018257278,2080-06-09 19:00:00,2080,6,109,0,,,
20,0.0033521303,2080-06-05 11:00:00,2080,6,110,0,,,
21,0.0027063102,2080-06-05 13:00:00,2080,6,111,0,,,
22,0.0018964472,2080-06-05 14:00:00,2080,6,112,0,,,
23,0.0015835902,2080-06-11 12:00:00,2080,6,113,0,,,
24,0.0018141278,2080-06-05 06:00:00,2080,6,114,0,,,
25,0.0038603747,2080-06-05 00:00:00,2080,6,115,0,,,
26,0.0033362703,2080-06-05 10:00:00,2080,6,116,0,,,
27,0.004145084,2080-06-10 05:00:00,2080,6,117,0,,,
28,0.0016576414,2080-06-03 19:00:00,2080,6,118,0,,,
29,0.0014191237,2080-06-06 00:00:00,2080,6,119,0,,,
0,0.0015180125,2080-07-10 02:00:00,2080,7,120,0,,,
1,0.0014923007,2080-07-10 03:00:00,2080,7,121,0,,,
2,0.00061281136,2080-07-07 13:00:00,2080,7,122,0,,,
3,0.00034657042,2080-07-07 15:00:00,2080,7,123,0,,,
4,0.00029647528,2080-07-07 04:00:00,2080,7,124,0,,,
5,0.00047250825,2080-07-11 18:00:00,2080,7,125,0,,,
6,0.003400832,2080-07-04 05:00:00,2080,7,126,0,,,
7,0.0010844065,2080-07-10 04:00:00,2080,7,127,0,,,
8,0.0010582148,2080-07-07 08:00:00,2080,7,128,0,,,
9,0.0019244038,2080-07-07 15:00:00,2080,7,129,0,,,
10,0.0024089671,2080-07-07 18:00:00,2080,7,130,0,,,
11,0.0020765786,2080-07-07 19:00:00,2080,7,131,0,,,
12,0.0039476287,2080-07-04 05:00:00,2080,7,132,0,,,
13,0.00373882,2080-07-04 06:00:00,2080,7,133,0,,,
14,0.0020229311,2080-07-04 06:00:00,2080,7,134,0,,,
15,0.0017086033,2080-07-04 07:00:00,2080,7,135,0,,,
16,0.002014469,2080-07-04 12:00:00,2080,7,136,0,,,
17,0.0051801587,2080-07-27 18:00:00,2080,7,137,0,,,
18,0.0017939719,2080-07-03 21:00:00,2080,7,138,0,,,
19,0.0016297074,2080-07-04 06:00:00,2080,7,139,0,,,
20,0.0031503113,2080-07-03 19:00:00,2080,7,140,0,,,
21,0.006558537,2080-07-04 07:00:00,2080,7,141,0,,,
22,0.0022993372,2080-07-04 08:00:00,2080,7,142,0,,,
23,0.0027554852,2080-07-04 08:00:00,2080,7,143,0,,,
24,0.0030667763,2080-07-03 22:00:00,2080,7,144,0,,,
25,0.0020612886,2080-07-09 23:00:00,2080,7,145,0,,,
26,0.0012678797,2080-07-07 18:00:00,2080,7,146,0,,,
27,0.002458523,2080-07-04 04:00:00,2080,7,147,0,,,
28,0.004714191,2080-07-03 20:00:00,2080,7,148,0,,,
29,0.0016332096,2080-07-04 08:00:00,2080,7,149,0,,,
0,0.003113811,2080-08-21 16:00:00,2080,8,150,0,,,
1,0.002610307,2080-08-21 16:00:00,2080,8,151,0,,,
2,0.004721874,2080-08-21 17:00:00,2080,8,152,0,,,
3,0.0049004555,2080-08-05 04:00:00,2080,8,153,0,,,
4,0.0029902302,2080-08-05 08:00:00,2080,8,154,0,,,
5,0.003733561,2080-08-05 15:00:00,2080,8,155,0,,,
6,0.0043421467,2080-08-30 07:00:00,2080,8,156,0,,,
7,0.0037293574,2080-08-21 16:00:00,2080,8,157,0,,,
8,0.008500386,2080-08-21 17:00:00,2080,8,158,0,,,
9,0.0050192154,2080-08-21 18:00:00,2080,8,159,0,,,
10,0.0030296699,2080-08-05 06:00:00,2080,8,160,0,,,
11,0.0036155863,2080-08-05 16:00:00,2080,8,161,0,,,
12,0.0032531107,2080-08-21 03:00:00,2080,8,162,0,,,
13,0.0020208831,2080-08-18 11:00:00,2080,8,163,0,,,
14,0.002960554,2080-08-21 04:00:00,2080,8,164,0,,,
15,0.0034990571,2080-08-21 15:00:00,2080,8,165,0,,,
16,0.006266129,2080-08-21 18:00:00,2080,8,166,0,,,
17,0.00557192,2080-08-21 19:00:00,2080,8,167,0,,,
18,0.0024652665,2080-08-21 09:00:00,2080,8,168,0,,,
19,0.0033775137,2080-08-30 14:00:00,2080,8,169,0,,,
20,0.0048975265,2080-08-26 18:00:00,2080,8,170,0,,,
21,0.0031987703,2080-08-30 16:00:00,2080,8,171,0,,,
22,0.004277591,2080-08-21 18:00:00,2080,8,172,0,,,
23,0.006159156,2080-08-21 18:00:00,2080,8,173,0,,,
24,0.003578215,2080-08-19 01:00:00,2080,8,174,0,,,
25,0.0038870925,2080-08-30 14:00:00,2080,8,175,0,,,
26,0.004319223,2080-08-30 15:00:00,2080,8,176,0,,,
27,0.003728925,2080-08-21 04:00:00,2080,8,177,0,,,
28,0.009015346,2080-08-26 19:00:00,2080,8,178,0,,,
29,0.0050302595,2080-08-02 19:00:00,2080,8,179,0,,,
0,0.0016429793,2081-06-13 15:00:00,2081,6,180,0,,,
1,0.0021466475,2081-06-27 17:00:00,2081,6,181,0,,,
2,0.0022832078,2081-06-27 16:00:00,2081,6,182,0,,,
3,0.0012229515,2081-06-16 05:00:00,2081,6,183,0,,,
4,0.0029857568,2081-06-16 05:00:00,2081,6,184,0,,,
5,0.0037003453,2081-06-17 00:00:00,2081,6,185,0,,,
6,0.00175653,2081-06-15 22:00:00,2081,6,186,0,,,
7,0.0033306186,2081-06-27 17:00:00,2081,6,187,0,,,
8,0.0048829224,2081-06-27 17:00:00,2081,6,188,0,,,
9,0.0023957733,2081-06-27 18:00:00,2081,6,189,0,,,
10,0.0023965298,2081-06-28 01:00:00,2081,6,190,0,,,
11,0.0028831626,2081-06-16 23:00:00,2081,6,191,0,,,
12,0.0018222121,2081-06-13 17:00:00,2081,6,192,0,,,
13,0.0030386215,2081-06-27 18:00:00,2081,6,193,0,,,
14,0.0037857827,2081-06-27 15:00:00,2081,6,194,0,,,
15,0.0048209084,2081-06-27 15:00:00,2081,6,195,0,,,
16,0.0036354372,2081-06-27 19:00:00,2081,6,196,0,,,
17,0.0050530974,2081-06-27 20:00:00,2081,6,197,0,,,
18,0.0006977172,2081-06-17 12:00:00,2081,6,198,0,,,
19,0.0015567885,2081-06-27 18:00:00,2081,6,199,0,,,
20,0.0046217293,2081-06-27 19:00:00,2081,6,200,0,,,
21,0.005474795,2081-06-27 16:00:00,2081,6,201,0,,,
22,0.0035513688,2081-06-06 02:00:00,2081,6,202,0,,,
23,0.003709799,2081-06-06 03:00:00,2081,6,203,0,,,
24,0.0048759724,2081-06-27 06:00:00,2081,6,204,0,,,
25,0.0016794603,2081-06-27 18:00:00,2081,6,205,0,,,
26,0.0028025864,2081-06-27 20:00:00,2081,6,206,0,,,
27,0.004458062,2081-06-27 17:00:00,2081,6,207,0,,,
28,0.003076609,2081-06-27 17:00:00,2081,6,208,0,,,
29,0.002317897,2081-06-16 00:00:00,2081,6,209,0,,,
0,0.0027718968,2081-07-14 22:00:00,2081,7,210,0,,,
1,0.0024757301,2081-07-15 00:00:00,2081,7,211,0,,,
2,0.0031904334,2081-07-15 09:00:00,2081,7,212,0,,,
3,0.005713945,2081-07-15 10:00:00,2081,7,213,0,,,
4,0.0074988967,2081-07-07 01:00:00,2081,7,214,0,,,
5,0.006861552,2081-07-09 15:00:00,2081,7,215,0,,,
6,0.001585043,2081-07-14 21:00:00,2081,7,216,0,,,
7,0.0025953772,2081-07-05 14:00:00,2081,7,217,0,,,
8,0.0024371915,2081-07-15 01:00:00,2081,7,218,0,,,
9,0.004965498,2081-07-06 23:00:00,2081,7,219,0,,,
10,0.0071931174,2081-07-07 00:00:00,2081,7,220,0,,,
11,0.0034721904,2081-07-15 13:00:00,2081,7,221,0,,,
12,0.002738548,2081-07-05 14:00:00,2081,7,222,0,,,
13,0.0018613309,2081-07-14 22:00:00,2081,7,223,0,,,
14,0.0068602883,2081-07-05 15:00:00,2081,7,224,0,,,
15,0.0033442532,2081-07-05 16:00:00,2081,7,225,0,,,
16,0.0040398664,2081-07-06 18:00:00,2081,7,226,0,,,
17,0.0036198641,2081-07-06 18:00:00,2081,7,227,0,,,
18,0.002265159,2081-07-05 14:00:00,2081,7,228,0,,,
19,0.0012617465,2081-07-14 22:00:00,2081,7,229,0,,,
20,0.005369752,2081-07-05 16:00:00,2081,7,230,0,,,
21,0.0058054007,2081-07-05 16:00:00,2081,7,231,0,,,
22,0.004640354,2081-07-05 17:00:00,2081,7,232,0,,,
23,0.0021334742,2081-07-06 19:00:00,2081,7,233,0,,,
24,0.002706427,2081-07-06 06:00:00,2081,7,234,0,,,
25,0.0014074241,2081-07-07 09:00:00,2081,7,235,0,,,
26,0.0048288787,2081-07-05 16:00:00,2081,7,236,0,,,
27,0.012556254,2081-07-05 17:00:00,2081,7,237,0,,,
28,0.0072895233,2081-07-05 17:00:00,2081,7,238,0,,,
29,0.007685391,2081-07-05 18:00:00,2081,7,239,0,,,
0,0.006532667,2081-08-04 04:00:00,2081,8,240,0,,,
1,0.0055284863,2081-08-16 17:00:00,2081,8,241,0,,,
2,0.004507748,2081-08-16 18:00:00,2081,8,242,0,,,
3,0.002244885,2081-08-03 15:00:00,2081,8,243,0,,,
4,0.0020138305,2081-08-09 16:00:00,2081,8,244,0,,,
5,0.00337026,2081-08-09 16:00:00,2081,8,245,0,,,
6,0.0034621719,2081-08-30 01:00:00,2081,8,246,0,,,
7,0.0044638882,2081-08-04 05:00:00,2081,8,247,0,,,
8,0.0052688885,2081-08-16 18:00:00,2081,8,248,0,,,
9,0.0044743274,2081-08-16 19:00:00,2081,8,249,0,,,
10,0.0038401773,2081-08-03 16:00:00,2081,8,250,0,,,
11,0.00592509,2081-08-03 21:00:00,2081,8,251,0,,,
12,0.0018390516,2081-08-04 03:00:00,2081,8,252,0,,,
13,0.0043912665,2081-08-04 04:00:00,2081,8,253,0,,,
14,0.0051111113,2081-08-04 05:00:00,2081,8,254,0,,,
15,0.0054254946,2081-08-20 00:00:00,2081,8,255,0,,,
16,0.0055620936,2081-08-16 20:00:00,2081,8,256,0,,,
17,0.0053899866,2081-08-04 08:00:00,2081,8,257,0,,,
18,0.0022007248,2081-08-04 02:00:00,2081,8,258,0,,,
19,0.003220494,2081-08-18 22:00:00,2081,8,259,0,,,
20,0.0039229337,2081-08-04 04:00:00,2081,8,260,0,,,
21,0.0059148166,2081-08-30 03:00:00,2081,8,261,0,,,
22,0.0032930872,2081-08-30 04:00:00,2081,8,262,0,,,
23,0.0069220355,2081-08-03 17:00:00,2081,8,263,0,,,
24,0.003831002,2081-08-18 22:00:00,2081,8,264,0,,,
25,0.005068474,2081-08-03 23:00:00,2081,8,265,0,,,
26,0.005229968,2081-08-04 00:00:00,2081,8,266,0,,,
27,0.005299924,2081-08-04 01:00:00,2081,8,267,0,,,
28,0.003785532,2081-08-03 17:00:00,2081,8,268,0,,,
29,0.008367684,2081-08-20 01:00:00,2081,8,269,0,,,
0,0.0023341684,2082-06-05 06:00:00,2082,6,270,0,,,
1,0.0025415039,2082-06-05 17:00:00,2082,6,271,0,,,
2,0.0022565306,2082-06-05 12:00:00,2082,6,272,0,,,
3,0.0037563986,2082-06-05 07:00:00,2082,6,273,0,,,
4,0.0020088218,2082-06-09 00:00:00,2082,6,274,0,,,
5,0.00386641,2082-06-05 09:00:00,2082,6,275,0,,,
6,0.0032715218,2082-06-05 13:00:00,2082,6,276,0,,,
7,0.002629413,2082-06-05 16:00:00,2082,6,277,0,,,
8,0.0018707907,2082-06-19 13:00:00,2082,6,278,0,,,
9,0.0029856022,2082-06-05 09:00:00,2082,6,279,0,,,
10,0.0034896699,2082-06-05 08:00:00,2082,6,280,0,,,
11,0.0028919596,2082-06-05 15:00:00,2082,6,281,0,,,
12,0.0037215753,2082-06-05 14:00:00,2082,6,282,0,,,
13,0.00292921,2082-06-05 14:00:00,2082,6,283,0,,,
14,0.002255815,2082-06-04 16:00:00,2082,6,284,0,,,
15,0.0024656083,2082-06-05 20:00:00,2082,6,285,0,,,
16,0.0011658971,2082-06-06 00:00:00,2082,6,286,0,,,
17,0.0018572863,2082-06-20 19:00:00,2082,6,287,0,,,
18,0.00529009,2082-06-05 14:00:00,2082,6,288,0,,,
19,0.005702191,2082-06-05 15:00:00,2082,6,289,0,,,
20,0.002792406,2082-06-05 02:00:00,2082,6,290,0,,,
21,0.0022364664,2082-06-05 20:00:00,2082,6,291,0,,,
22,0.0025004968,2082-06-04 16:00:00,2082,6,292,0,,,
23,0.0019289474,2082-06-20 15:00:00,2082,6,293,0,,,
24,0.0037438024,2082-06-05 15:00:00,2082,6,294,0,,,
25,0.00461451,2082-06-05 15:00:00,2082,6,295,0,,,
26,0.0037535573,2082-06-05 16:00:00,2082,6,296,0,,,
27,0.0027305519,2082-06-05 02:00:00,2082,6,297,0,,,
28,0.0009081622,2082-06-05 21:00:00,2082,6,298,0,,,
29,0.002076895,2082-06-21 05:00:00,2082,6,299,0,,,
0,0.0010791984,2082-07-10 05:00:00,2082,7,300,0,,,
1,0.0021888078,2082-07-09 15:00:00,2082,7,301,0,,,
2,0.004352914,2082-07-09 16:00:00,2082,7,302,0,,,
3,0.0025931746,2082-07-13 01:00:00,2082,7,303,0,,,
4,0.0020639203,2082-07-12 21:00:00,2082,7,304,0,,,
5,0.0041866284,2082-07-24 17:00:00,2082,7,305,0,,,
6,0.002712711,2082-07-31 03:00:00,2082,7,306,0,,,
7,0.0020416158,2082-07-10 06:00:00,2082,7,307,0,,,
8,0.0039060717,2082-07-09 15:00:00,2082,7,308,0,,,
9,0.0037116362,2082-07-09 16:00:00,2082,7,309,0,,,
10,0.0025251051,2082-07-24 16:00:00,2082,7,310,0,,,
11,0.003280846,2082-07-24 17:00:00,2082,7,311,0,,,
14,0.0014580283,2082-07-31 05:00:00,2082,7,314,0,,,
15,0.0030105254,2082-07-09 16:00:00,2082,7,315,0,,,
16,0.006733346,2082-07-09 17:00:00,2082,7,316,0,,,
17,0.0037931676,2082-07-24 16:00:00,2082,7,317,0,,,
18,0.0017727135,2082-07-31 06:00:00,2082,7,318,0,,,
19,0.0014707962,2082-07-31 04:00:00,2082,7,319,0,,,
20,0.0010573356,2082-07-31 00:00:00,2082,7,320,0,,,
21,0.0010141013,2082-07-10 09:00:00,2082,7,321,0,,,
22,0.003511397,2082-07-08 17:00:00,2082,7,322,0,,,
23,0.004120852,2082-07-08 18:00:00,2082,7,323,0,,,
24,0.004426625,2082-07-31 07:00:00,2082,7,324,0,,,
26,0.0007899727,2082-07-09 04:00:00,2082,7,326,0,,,
27,0.0008921106,2082-07-31 01:00:00,2082,7,327,0,,,
28,0.0026032925,2082-07-03 15:00:00,2082,7,328,0,,,
29,0.0046406724,2082-07-09 18:00:00,2082,7,329,0,,,
0,0.0022941874,2082-08-31 12:00:00,2082,8,330,0,,,
1,0.0018647773,2082-08-31 08:00:00,2082,8,331,0,,,
2,0.0016269957,2082-08-31 15:00:00,2082,8,332,0,,,
3,0.0032666586,2082-08-23 20:00:00,2082,8,333,0,,,
4,0.002722307,2082-08-22 18:00:00,2082,8,334,0,,,
5,0.0026233469,2082-08-09 23:00:00,2082,8,335,0,,,
6,0.0034981056,2082-08-31 11:00:00,2082,8,336,0,,,
7,0.0035474093,2082-08-31 13:00:00,2082,8,337,0,,,
8,0.002631359,2082-08-31 14:00:00,2082,8,338,0,,,
9,0.0031520377,2082-08-05 15:00:00,2082,8,339,0,,,
10,0.004033152,2082-08-05 17:00:00,2082,8,340,0,,,
11,0.0041628983,2082-08-05 17:00:00,2082,8,341,0,,,
12,0.0037089917,2082-08-03 23:00:00,2082,8,342,0,,,
13,0.004180805,2082-08-04 00:00:00,2082,8,343,0,,,
14,0.0035781397,2082-08-31 13:00:00,2082,8,344,0,,,
15,0.0064277183,2082-08-04 01:00:00,2082,8,345,0,,,
16,0.0063715954,2082-08-04 02:00:00,2082,8,346,0,,,
17,0.0052961535,2082-08-05 17:00:00,2082,8,347,0,,,
18,0.0020550257,2082-08-31 18:00:00,2082,8,348,0,,,
19,0.005785867,2082-08-05 15:00:00,2082,8,349,0,,,
20,0.0023683324,2082-08-05 15:00:00,2082,8,350,0,,,
21,0.0028758745,2082-08-05 16:00:00,2082,8,351,0,,,
22,0.0057955477,2082-08-05 16:00:00,2082,8,352,0,,,
23,0.0036837214,2082-08-04 03:00:00,2082,8,353,0,,,
24,0.004296506,2082-08-05 15:00:00,2082,8,354,0,,,
25,0.0044974675,2082-08-03 21:00:00,2082,8,355,0,,,
26,0.002976839,2082-08-03 22:00:00,2082,8,356,0,,,
27,0.003792817,2082-08-05 16:00:00,2082,8,357,0,,,
28,0.0011126361,2082-08-31 15:00:00,2082,8,358,0,,,
29,0.013132889,2082-08-05 17:00:00,2082,8,359,0,,,
0,0.0015090969,2083-06-04 22:00:00,2083,6,360,0,,,
1,0.0025411912,2083-06-04 20:00:00,2083,6,361,0,,,
2,0.0015323727,2083-06-04 18:00:00,2083,6,362,0,,,
3,0.0019303618,2083-06-04 23:00:00,2083,6,363,0,,,
4,0.0015616971,2083-06-01 22:00:00,2083,6,364,0,,,
5,0.0033926985,2083-06-05 23:00:00,2083,6,365,0,,,
6,0.0030875811,2083-06-04 23:00:00,2083,6,366,0,,,
7,0.0019264258,2083-06-05 00:00:00,2083,6,367,0,,,
8,0.0016390007,2083-06-01 17:00:00,2083,6,368,0,,,
9,0.004195854,2083-06-29 15:00:00,2083,6,369,0,,,
10,0.004448143,2083-06-05 00:00:00,2083,6,370,0,,,
12,0.0022755666,2083-06-12 22:00:00,2083,6,372,0,,,
13,0.0073270043,2083-06-05 00:00:00,2083,6,373,0,,,
14,0.0034963703,2083-06-30 22:00:00,2083,6,374,0,,,
15,0.004355861,2083-06-30 23:00:00,2083,6,375,0,,,
16,0.002475766,2083-06-08 15:00:00,2083,6,376,0,,,
17,0.003081472,2083-06-23 11:00:00,2083,6,377,0,,,
18,0.0020562978,2083-06-02 06:00:00,2083,6,378,0,,,
19,0.0019121484,2083-06-04 22:00:00,2083,6,379,0,,,
20,0.0031218342,2083-06-05 01:00:00,2083,6,380,0,,,
21,0.0022886682,2083-06-05 00:00:00,2083,6,381,0,,,
22,0.003591114,2083-06-05 02:00:00,2083,6,382,0,,,
24,0.0027481313,2083-06-02 07:00:00,2083,6,384,0,,,
25,0.003156597,2083-06-22 10:00:00,2083,6,385,0,,,
26,0.003154031,2083-06-04 23:00:00,2083,6,386,0,,,
27,0.0030635088,2083-06-05 01:00:00,2083,6,387,0,,,
28,0.004327066,2083-06-05 01:00:00,2083,6,388,0,,,
29,0.0041854656,2083-06-27 07:00:00,2083,6,389,0,,,
0,0.0006318309,2083-07-01 21:00:00,2083,7,390,0,,,
1,0.003909844,2083-07-27 16:00:00,2083,7,391,0,,,
2,0.0019462532,2083-07-27 15:00:00,2083,7,392,0,,,
3,0.0017422518,2083-07-27 17:00:00,2083,7,393,0,,,
4,0.0030257998,2083-07-27 18:00:00,2083,7,394,0,,,
5,0.002068688,2083-07-27 18:00:00,2083,7,395,0,,,
6,0.00078510895,2083-07-24 03:00:00,2083,7,396,0,,,
7,0.0020881516,2083-07-27 17:00:00,2083,7,397,0,,,
8,0.0024640134,2083-07-27 16:00:00,2083,7,398,0,,,
9,0.001611747,2083-07-27 19:00:00,2083,7,399,0,,,
10,0.003413446,2083-07-24 03:00:00,2083,7,400,0,,,
11,0.0042818394,2083-07-01 17:00:00,2083,7,401,0,,,
12,0.0020616176,2083-07-24 06:00:00,2083,7,402,0,,,
13,0.0024509123,2083-07-24 07:00:00,2083,7,403,0,,,
14,0.0038132167,2083-07-27 17:00:00,2083,7,404,0,,,
15,0.005398498,2083-07-27 18:00:00,2083,7,405,0,,,
16,0.00403169,2083-07-01 00:00:00,2083,7,406,0,,,
17,0.0026263038,2083-07-27 14:00:00,2083,7,407,0,,,
18,0.00066423055,2083-07-24 06:00:00,2083,7,408,0,,,
19,0.0039740293,2083-07-24 07:00:00,2083,7,409,0,,,
20,0.002938258,2083-07-24 08:00:00,2083,7,410,0,,,
21,0.002122501,2083-07-27 18:00:00,2083,7,411,0,,,
22,0.0043596714,2083-07-24 05:00:00,2083,7,412,0,,,
23,0.00539356,2083-07-01 00:00:00,2083,7,413,0,,,
24,0.0010370945,2083-07-03 09:00:00,2083,7,414,0,,,
25,0.0012271651,2083-07-24 07:00:00,2083,7,415,0,,,
26,0.0014574645,2083-07-24 08:00:00,2083,7,416,0,,,
27,0.0021308423,2083-07-24 08:00:00,2083,7,417,0,,,
28,0.0030345256,2083-07-27 18:00:00,2083,7,418,0,,,
29,0.002142209,2083-07-27 20:00:00,2083,7,419,0,,,
0,0.0031016713,2083-08-29 10:00:00,2083,8,420,0,,,
1,0.0049264636,2083-08-28 17:00:00,2083,8,421,0,,,
2,0.002924648,2083-08-18 14:00:00,2083,8,422,0,,,
3,0.0027064485,2083-08-28 18:00:00,2083,8,423,0,,,
4,0.0073291827,2083-08-29 14:00:00,2083,8,424,0,,,
5,0.009284658,2083-08-18 17:00:00,2083,8,425,0,,,
6,0.0050410666,2083-08-29 03:00:00,2083,8,426,0,,,
7,0.0033777696,2083-08-18 13:00:00,2083,8,427,0,,,
8,0.0046177884,2083-08-28 17:00:00,2083,8,428,0,,,
9,0.0038900424,2083-08-18 15:00:00,2083,8,429,0,,,
10,0.0050922637,2083-08-18 16:00:00,2083,8,430,0,,,
11,0.0056121033,2083-08-29 15:00:00,2083,8,431,0,,,
12,0.0049901484,2083-08-29 02:00:00,2083,8,432,0,,,
13,0.0033211585,2083-08-29 02:00:00,2083,8,433,0,,,
14,0.004004455,2083-08-29 04:00:00,2083,8,434,0,,,
15,0.0030169024,2083-08-18 14:00:00,2083,8,435,0,,,
16,0.0052642976,2083-08-28 18:00:00,2083,8,436,0,,,
17,0.008648591,2083-08-29 13:00:00,2083,8,437,0,,,
18,0.007774929,2083-08-29 02:00:00,2083,8,438,0,,,
19,0.0015547645,2083-08-28 10:00:00,2083,8,439,0,,,
20,0.003859745,2083-08-29 03:00:00,2083,8,440,0,,,
21,0.0051085856,2083-08-29 03:00:00,2083,8,441,0,,,
22,0.0027325093,2083-08-29 05:00:00,2083,8,442,0,,,
23,0.0071556396,2083-08-28 19:00:00,2083,8,443,0,,,
24,0.0047372747,2083-08-28 09:00:00,2083,8,444,0,,,
25,0.0036256565,2083-08-29 03:00:00,2083,8,445,0,,,
26,0.0057080807,2083-08-29 03:00:00,2083,8,446,0,,,
27,0.0024774605,2083-08-13 18:00:00,2083,8,447,0,,,
28,0.0009950041,2083-08-18 00:00:00,2083,8,448,0,,,
29,0.005453467,2083-08-28 19:00:00,2083,8,449,0,,,
0,0.0007173203,2084-06-11 11:00:00,2084,6,450,0,,,
1,0.0013074491,2084-06-23 02:00:00,2084,6,451,0,,,
2,0.0013299679,2084-06-23 03:00:00,2084,6,452,0,,,
3,0.0010304833,2084-06-23 04:00:00,2084,6,453,0,,,
4,0.003452477,2084-06-19 19:00:00,2084,6,454,0,,,
5,0.004300457,2084-06-19 20:00:00,2084,6,455,0,,,
6,0.0012026043,2084-06-23 04:00:00,2084,6,456,0,,,
7,0.00084719167,2084-06-23 02:00:00,2084,6,457,0,,,
8,0.0009366448,2084-06-11 12:00:00,2084,6,458,0,,,
9,0.00091096904,2084-06-10 15:00:00,2084,6,459,0,,,
10,0.00204109,2084-06-23 01:00:00,2084,6,460,0,,,
11,0.0018552127,2084-06-23 05:00:00,2084,6,461,0,,,
12,0.0005889537,2084-06-23 01:00:00,2084,6,462,0,,,
13,0.00053359376,2084-06-11 08:00:00,2084,6,463,0,,,
14,0.00092439086,2084-06-11 10:00:00,2084,6,464,0,,,
15,0.0015629408,2084-06-10 15:00:00,2084,6,465,0,,,
16,0.0020772936,2084-06-11 12:00:00,2084,6,466,0,,,
17,0.0026666943,2084-06-11 13:00:00,2084,6,467,0,,,
18,0.0003301612,2084-06-11 07:00:00,2084,6,468,0,,,
19,0.0006751784,2084-06-11 02:00:00,2084,6,469,0,,,
20,0.0011326704,2084-06-23 02:00:00,2084,6,470,0,,,
21,0.001814104,2084-06-11 10:00:00,2084,6,471,0,,,
22,0.0022989067,2084-06-11 11:00:00,2084,6,472,0,,,
23,0.0014494355,2084-06-11 12:00:00,2084,6,473,0,,,
24,0.00038675603,2084-06-10 13:00:00,2084,6,474,0,,,
25,0.00038151897,2084-06-12 17:00:00,2084,6,475,0,,,
26,0.00049081235,2084-06-23 02:00:00,2084,6,476,0,,,
27,0.00092796114,2084-06-23 03:00:00,2084,6,477,0,,,
28,0.0021279263,2084-06-11 11:00:00,2084,6,478,0,,,
29,0.0017913444,2084-06-11 12:00:00,2084,6,479,0,,,
0,0.00045725977,2084-07-07 21:00:00,2084,7,480,0,,,
1,0.0007703375,2084-07-20 18:00:00,2084,7,481,0,,,
2,0.0013189447,2084-07-20 18:00:00,2084,7,482,0,,,
3,0.0008872288,2084-07-07 01:00:00,2084,7,483,0,,,
4,0.00093891256,2084-07-07 02:00:00,2084,7,484,0,,,
5,0.0027828966,2084-07-07 05:00:00,2084,7,485,0,,,
6,0.0044657304,2084-07-07 23:00:00,2084,7,486,0,,,
7,0.000998736,2084-07-20 04:00:00,2084,7,487,0,,,
8,0.0019287175,2084-07-20 19:00:00,2084,7,488,0,,,
9,0.00267601,2084-07-20 19:00:00,2084,7,489,0,,,
10,0.0023221793,2084-07-07 02:00:00,2084,7,490,0,,,
11,0.0029458199,2084-07-07 03:00:00,2084,7,491,0,,,
12,0.0052940855,2084-07-07 23:00:00,2084,7,492,0,,,
13,0.0013127455,2084-07-20 05:00:00,2084,7,493,0,,,
14,0.003524477,2084-07-20 05:00:00,2084,7,494,0,,,
15,0.00247812,2084-07-08 13:00:00,2084,7,495,0,,,
16,0.004432636,2084-07-08 18:00:00,2084,7,496,0,,,
17,0.002764516,2084-07-23 22:00:00,2084,7,497,0,,,
18,0.002127732,2084-07-18 23:00:00,2084,7,498,0,,,
19,0.0046550753,2084-07-07 22:00:00,2084,7,499,0,,,
20,0.0035773772,2084-07-08 00:00:00,2084,7,500,0,,,
21,0.0031282199,2084-07-20 05:00:00,2084,7,501,0,,,
22,0.002321435,2084-07-20 06:00:00,2084,7,502,0,,,
23,0.0038505022,2084-07-08 18:00:00,2084,7,503,0,,,
24,0.0033558707,2084-07-07 20:00:00,2084,7,504,0,,,
25,0.006728398,2084-07-19 00:00:00,2084,7,505,0,,,
26,0.0021045888,2084-07-07 16:00:00,2084,7,506,0,,,
27,0.004136805,2084-07-20 06:00:00,2084,7,507,0,,,
28,0.0031718852,2084-07-17 17:00:00,2084,7,508,0,,,
29,0.004064193,2084-07-08 17:00:00,2084,7,509,0,,,
0,0.0035952122,2084-08-19 17:00:00,2084,8,510,0,,,
1,0.0029875506,2084-08-17 20:00:00,2084,8,511,0,,,
2,0.0024002558,2084-08-03 14:00:00,2084,8,512,0,,,
3,0.0014499952,2084-08-24 05:00:00,2084,8,513,0,,,
4,0.0022026335,2084-08-08 20:00:00,2084,8,514,0,,,
5,0.00091747806,2084-08-04 18:00:00,2084,8,515,0,,,
6,0.0024734978,2084-08-04 18:00:00,2084,8,516,0,,,
7,0.0036136424,2084-08-04 19:00:00,2084,8,517,0,,,
8,0.0049855104,2084-08-19 16:00:00,2084,8,518,0,,,
9,0.0035415802,2084-08-17 21:00:00,2084,8,519,0,,,
10,0.006266805,2084-08-19 17:00:00,2084,8,520,0,,,
11,0.0016629348,2084-08-19 18:00:00,2084,8,521,0,,,
12,0.010773701,2084-08-17 08:00:00,2084,8,522,0,,,
13,0.012736224,2084-08-04 19:00:00,2084,8,523,0,,,
14,0.0066989786,2084-08-04 19:00:00,2084,8,524,0,,,
15,0.0028359971,2084-08-13 05:00:00,2084,8,525,0,,,
16,0.006056714,2084-08-19 20:00:00,2084,8,526,0,,,
17,0.00733823,2084-08-19 18:00:00,2084,8,527,0,,,
18,0.001760429,2084-08-17 11:00:00,2084,8,528,0,,,
19,0.008394719,2084-08-17 09:00:00,2084,8,529,0,,,
20,0.002742651,2084-08-17 10:00:00,2084,8,530,0,,,
21,0.004568577,2084-08-12 23:00:00,2084,8,531,0,,,
22,0.003216288,2084-08-17 22:00:00,2084,8,532,0,,,
23,0.004984418,2084-08-19 18:00:00,2084,8,533,0,,,
24,0.002554589,2084-08-24 05:00:00,2084,8,534,0,,,
25,0.002802774,2084-08-04 20:00:00,2084,8,535,0,,,
26,0.0041800346,2084-08-17 10:00:00,2084,8,536,0,,,
27,0.006605624,2084-08-13 00:00:00,2084,8,537,0,,,
28,0.0066316063,2084-08-13 00:00:00,2084,8,538,0,,,
29,0.01103155,2084-08-13 01:00:00,2084,8,539,0,,,
0,0.003053288,2085-06-29 17:00:00,2085,6,540,0,,,
1,0.0035351967,2085-06-29 18:00:00,2085,6,541,0,,,
2,0.0019973298,2085-06-29 19:00:00,2085,6,542,0,,,
3,0.0022201436,2085-06-03 15:00:00,2085,6,543,0,,,
4,0.0017772639,2085-06-30 18:00:00,2085,6,544,0,,,
5,0.0015648421,2085-06-03 22:00:00,2085,6,545,0,,,
6,0.002303158,2085-06-29 17:00:00,2085,6,546,0,,,
7,0.0053532445,2085-06-29 18:00:00,2085,6,547,0,,,
8,0.0022349695,2085-06-02 19:00:00,2085,6,548,0,,,
9,0.002591552,2085-06-20 20:00:00,2085,6,549,0,,,
10,0.0042374306,2085-06-27 17:00:00,2085,6,550,0,,,
11,0.0020744412,2085-06-03 18:00:00,2085,6,551,0,,,
12,0.0038808237,2085-06-29 22:00:00,2085,6,552,0,,,
13,0.002336151,2085-06-02 20:00:00,2085,6,553,0,,,
14,0.0046265144,2085-06-14 19:00:00,2085,6,554,0,,,
15,0.0036226201,2085-06-24 16:00:00,2085,6,555,0,,,
16,0.0060534882,2085-06-20 21:00:00,2085,6,556,0,,,
17,0.0035878685,2085-06-20 22:00:00,2085,6,557,0,,,
18,0.0011720438,2085-06-03 14:00:00,2085,6,558,0,,,
19,0.0037716867,2085-06-02 21:00:00,2085,6,559,0,,,
20,0.0035531993,2085-06-02 21:00:00,2085,6,560,0,,,
21,0.0028102554,2085-06-14 18:00:00,2085,6,561,0,,,
22,0.0016209842,2085-06-24 17:00:00,2085,6,562,0,,,
23,0.0054036514,2085-06-03 15:00:00,2085,6,563,0,,,
24,0.002937983,2085-06-03 13:00:00,2085,6,564,0,,,
25,0.0024881216,2085-06-14 16:00:00,2085,6,565,0,,,
26,0.00408675,2085-06-14 17:00:00,2085,6,566,0,,,
27,0.0046365983,2085-06-03 00:00:00,2085,6,567,0,,,
28,0.0020026704,2085-06-14 19:00:00,2085,6,568,0,,,
29,0.0017169057,2085-06-03 01:00:00,2085,6,569,0,,,
1,0.0018852717,2085-07-26 01:00:00,2085,7,571,0,,,
2,0.004975552,2085-07-26 02:00:00,2085,7,572,0,,,
3,0.0050219377,2085-07-26 03:00:00,2085,7,573,0,,,
4,0.0016931114,2085-07-26 03:00:00,2085,7,574,0,,,
5,0.0042405697,2085-07-26 04:00:00,2085,7,575,0,,,
6,0.0013223466,2085-07-30 02:00:00,2085,7,576,0,,,
7,0.0011537164,2085-07-30 10:00:00,2085,7,577,0,,,
8,0.0017602692,2085-07-26 01:00:00,2085,7,578,0,,,
9,0.0018134868,2085-07-26 01:00:00,2085,7,579,0,,,
10,0.00625092,2085-07-26 02:00:00,2085,7,580,0,,,
11,0.004859934,2085-07-26 03:00:00,2085,7,581,0,,,
12,0.0024698817,2085-07-30 02:00:00,2085,7,582,0,,,
13,0.0004572223,2085-07-26 02:00:00,2085,7,583,0,,,
14,0.0028538613,2085-07-26 02:00:00,2085,7,584,0,,,
15,0.0017235015,2085-07-30 11:00:00,2085,7,585,0,,,
17,0.0032663865,2085-07-30 13:00:00,2085,7,587,0,,,
18,0.004208497,2085-07-29 22:00:00,2085,7,588,0,,,
19,0.0014550135,2085-07-04 10:00:00,2085,7,589,0,,,
20,0.0015309466,2085-07-26 02:00:00,2085,7,590,0,,,
21,0.0013981024,2085-07-04 11:00:00,2085,7,591,0,,,
22,0.00068384333,2085-07-26 04:00:00,2085,7,592,0,,,
23,0.002515912,2085-07-26 04:00:00,2085,7,593,0,,,
24,0.0039032127,2085-07-29 22:00:00,2085,7,594,0,,,
25,0.0016127296,2085-07-04 09:00:00,2085,7,595,0,,,
26,0.0009097779,2085-07-30 03:00:00,2085,7,596,0,,,
27,0.0027883938,2085-07-26 03:00:00,2085,7,597,0,,,
28,0.0025309017,2085-07-30 05:00:00,2085,7,598,0,,,
29,0.0040135887,2085-07-30 11:00:00,2085,7,599,0,,,
0,0.0010745331,2085-08-18 07:00:00,2085,8,600,0,,,
1,0.0014624739,2085-08-19 08:00:00,2085,8,601,0,,,
2,0.00253774,2085-08-18 08:00:00,2085,8,602,0,,,
3,0.00092754833,2085-08-11 19:00:00,2085,8,603,0,,,
4,0.0004277794,2085-08-27 12:00:00,2085,8,604,0,,,
5,0.0009758689,2085-08-27 13:00:00,2085,8,605,0,,,
6,0.0016698187,2085-08-18 07:00:00,2085,8,606,0,,,
7,0.0004373482,2085-08-19 18:00:00,2085,8,607,0,,,
8,0.0035074183,2085-08-11 14:00:00,2085,8,608,0,,,
9,0.0025022456,2085-08-11 19:00:00,2085,8,609,0,,,
10,0.0038244547,2085-08-11 19:00:00,2085,8,610,0,,,
11,0.0018655836,2085-08-11 20:00:00,2085,8,611,0,,,
12,0.0038120875,2085-08-11 18:00:00,2085,8,612,0,,,
13,0.0018935655,2085-08-11 19:00:00,2085,8,613,0,,,
14,0.0014175293,2085-08-18 08:00:00,2085,8,614,0,,,
15,0.00188757,2085-08-18 09:00:00,2085,8,615,0,,,
16,0.0037187051,2085-08-02 01:00:00,2085,8,616,0,,,
17,0.0024357662,2085-08-11 20:00:00,2085,8,617,0,,,
18,0.0007480743,2085-08-11 18:00:00,2085,8,618,0,,,
19,0.004112558,2085-08-11 19:00:00,2085,8,619,0,,,
20,0.0022474052,2085-08-11 19:00:00,2085,8,620,0,,,
21,0.0073616197,2085-08-11 20:00:00,2085,8,621,0,,,
22,0.0030284212,2085-08-02 01:00:00,2085,8,622,0,,,
23,0.0037574794,2085-08-02 01:00:00,2085,8,623,0,,,
24,0.00012899205,2085-08-11 05:00:00,2085,8,624,0,,,
25,0.0005284225,2085-08-12 03:00:00,2085,8,625,0,,,
26,0.0021342267,2085-08-12 05:00:00,2085,8,626,0,,,
27,0.0036628218,2085-08-11 20:00:00,2085,8,627,0,,,
29,0.0012687122,2085-08-11 21:00:00,2085,8,629,0,,,
0,0.0007316998,2086-06-23 16:00:00,2086,6,630,0,,,
1,0.0023075105,2086-06-23 16:00:00,2086,6,631,0,,,
2,0.001829828,2086-06-23 14:00:00,2086,6,632,0,,,
3,0.0006216325,2086-06-23 16:00:00,2086,6,633,0,,,
4,0.0013230795,2086-06-23 16:00:00,2086,6,634,0,,,
5,0.0024933224,2086-06-23 17:00:00,2086,6,635,0,,,
6,0.00064273947,2086-06-30 17:00:00,2086,6,636,0,,,
7,0.00067337626,2086-06-23 16:00:00,2086,6,637,0,,,
8,0.0017723681,2086-06-23 17:00:00,2086,6,638,0,,,
9,0.0010026884,2086-06-23 16:00:00,2086,6,639,0,,,
10,0.002559553,2086-06-23 17:00:00,2086,6,640,0,,,
12,0.0011852675,2086-06-30 17:00:00,2086,6,642,0,,,
13,0.0014097532,2086-06-25 18:00:00,2086,6,643,0,,,
14,0.0006821199,2086-06-23 17:00:00,2086,6,644,0,,,
15,0.0007198832,2086-06-23 17:00:00,2086,6,645,0,,,
16,0.001767335,2086-06-25 15:00:00,2086,6,646,0,,,
17,0.0012063399,2086-06-25 16:00:00,2086,6,647,0,,,
18,0.00019243528,2086-06-26 21:00:00,2086,6,648,0,,,
19,7.481347e-05,2086-06-26 22:00:00,2086,6,649,0,,,
20,0.002562019,2086-06-25 19:00:00,2086,6,650,0,,,
21,0.00076419464,2086-06-25 20:00:00,2086,6,651,0,,,
22,0.00043576868,2086-06-23 19:00:00,2086,6,652,0,,,
23,0.00088827196,2086-06-23 19:00:00,2086,6,653,0,,,
24,0.0030791552,2086-06-30 18:00:00,2086,6,654,0,,,
25,0.0017555659,2086-06-26 22:00:00,2086,6,655,0,,,
26,4.829133e-05,2086-06-01 23:00:00,2086,6,656,0,,,
27,0.00016444377,2086-06-25 20:00:00,2086,6,657,0,,,
28,0.00037161013,2086-06-30 14:00:00,2086,6,658,0,,,
29,0.00031611585,2086-06-25 18:00:00,2086,6,659,0,,,
0,0.002796663,2086-07-16 17:00:00,2086,7,660,0,,,
1,0.0019240369,2086-07-16 18:00:00,2086,7,661,0,,,
2,0.0027734337,2086-07-16 18:00:00,2086,7,662,0,,,
3,0.0012294371,2086-07-06 15:00:00,2086,7,663,0,,,
4,0.0020838422,2086-07-24 18:00:00,2086,7,664,0,,,
5,0.0043887403,2086-07-01 20:00:00,2086,7,665,0,,,
6,0.0006484429,2086-07-22 19:00:00,2086,7,666,0,,,
7,0.0020861584,2086-07-22 19:00:00,2086,7,667,0,,,
8,0.002264311,2086-07-28 16:00:00,2086,7,668,0,,,
9,0.0017840934,2086-07-28 12:00:00,2086,7,669,0,,,
10,0.002439576,2086-07-31 14:00:00,2086,7,670,0,,,
11,0.0018371971,2086-07-01 21:00:00,2086,7,671,0,,,
12,0.0004906993,2086-07-16 19:00:00,2086,7,672,0,,,
13,0.0021831659,2086-07-18 20:00:00,2086,7,673,0,,,
14,0.0021637096,2086-07-06 17:00:00,2086,7,674,0,,,
15,0.0033409325,2086-07-06 17:00:00,2086,7,675,0,,,
16,0.0020649645,2086-07-06 14:00:00,2086,7,676,0,,,
17,0.0021445807,2086-07-06 18:00:00,2086,7,677,0,,,
18,0.0024847158,2086-07-27 20:00:00,2086,7,678,0,,,
19,0.00087149814,2086-07-06 18:00:00,2086,7,679,0,,,
20,0.0017424652,2086-07-28 16:00:00,2086,7,680,0,,,
21,0.0013803372,2086-07-06 18:00:00,2086,7,681,0,,,
22,0.0018181085,2086-07-06 14:00:00,2086,7,682,0,,,
23,0.002790151,2086-07-06 15:00:00,2086,7,683,0,,,
24,0.0020174147,2086-07-27 21:00:00,2086,7,684,0,,,
25,0.0022858074,2086-07-21 22:00:00,2086,7,685,0,,,
26,0.0012170807,2086-07-28 16:00:00,2086,7,686,0,,,
27,0.0027849774,2086-07-06 19:00:00,2086,7,687,0,,,
28,0.0018974023,2086-07-06 20:00:00,2086,7,688,0,,,
29,0.0018743676,2086-07-28 10:00:00,2086,7,689,0,,,
0,0.0021432268,2086-08-17 02:00:00,2086,8,690,0,,,
1,0.0030584412,2086-08-17 03:00:00,2086,8,691,0,,,
2,0.002534654,2086-08-16 17:00:00,2086,8,692,0,,,
3,0.0011411302,2086-08-17 14:00:00,2086,8,693,0,,,
4,0.0007867731,2086-08-17 10:00:00,2086,8,694,0,,,
5,0.0008088171,2086-08-14 01:00:00,2086,8,695,0,,,
6,0.00089709624,2086-08-17 07:00:00,2086,8,696,0,,,
7,0.001944968,2086-08-17 03:00:00,2086,8,697,0,,,
8,0.0017828859,2086-08-17 04:00:00,2086,8,698,0,,,
9,0.0018623024,2086-08-17 11:00:00,2086,8,699,0,,,
10,0.0049654697,2086-08-17 14:00:00,2086,8,700,0,,,
11,0.002377869,2086-08-19 23:00:00,2086,8,701,0,,,
12,0.00085090904,2086-08-17 06:00:00,2086,8,702,0,,,
13,0.0020261446,2086-08-17 08:00:00,2086,8,703,0,,,
14,0.001695111,2086-08-17 10:00:00,2086,8,704,0,,,
15,0.001915204,2086-08-17 04:00:00,2086,8,705,0,,,
16,0.002798764,2086-08-17 11:00:00,2086,8,706,0,,,
17,0.002128605,2086-08-17 15:00:00,2086,8,707,0,,,
18,0.0006240123,2086-08-17 07:00:00,2086,8,708,0,,,
19,0.001030555,2086-08-17 07:00:00,2086,8,709,0,,,
20,0.0012080959,2086-08-17 07:00:00,2086,8,710,0,,,
21,0.0016624713,2086-08-17 08:00:00,2086,8,711,0,,,
22,0.0017017855,2086-08-17 05:00:00,2086,8,712,0,,,
23,0.003078424,2086-08-17 11:00:00,2086,8,713,0,,,
24,0.00041671598,2086-08-26 06:00:00,2086,8,714,0,,,
25,0.0010070927,2086-08-26 07:00:00,2086,8,715,0,,,
26,0.0019069674,2086-08-26 08:00:00,2086,8,716,0,,,
27,0.001967584,2086-08-26 09:00:00,2086,8,717,0,,,
28,0.0018916191,2086-08-26 16:00:00,2086,8,718,0,,,
29,0.0014105991,2086-08-17 05:00:00,2086,8,719,0,,,
0,0.0030669412,2087-06-15 02:00:00,2087,6,720,0,,,
1,0.0027047542,2087-06-15 03:00:00,2087,6,721,0,,,
2,0.0030993274,2087-06-21 13:00:00,2087,6,722,0,,,
3,0.004861562,2087-06-11 07:00:00,2087,6,723,0,,,
4,0.0040912237,2087-06-21 15:00:00,2087,6,724,0,,,
5,0.0039966092,2087-06-08 20:00:00,2087,6,725,0,,,
6,0.002624593,2087-06-21 06:00:00,2087,6,726,0,,,
7,0.0034880382,2087-06-08 16:00:00,2087,6,727,0,,,
8,0.0038685624,2087-06-08 17:00:00,2087,6,728,0,,,
9,0.0041988436,2087-06-21 12:00:00,2087,6,729,0,,,
10,0.005021492,2087-06-21 15:00:00,2087,6,730,0,,,
11,0.0047861924,2087-06-21 16:00:00,2087,6,731,0,,,
12,0.0035659496,2087-06-21 00:00:00,2087,6,732,0,,,
13,0.0041047353,2087-06-08 16:00:00,2087,6,733,0,,,
14,0.0041742497,2087-06-08 17:00:00,2087,6,734,0,,,
15,0.0055193654,2087-06-08 18:00:00,2087,6,735,0,,,
16,0.003022251,2087-06-22 12:00:00,2087,6,736,0,,,
17,0.0030694706,2087-06-21 14:00:00,2087,6,737,0,,,
18,0.0067720427,2087-06-21 00:00:00,2087,6,738,0,,,
19,0.002660767,2087-06-08 08:00:00,2087,6,739,0,,,
20,0.0029222097,2087-06-08 09:00:00,2087,6,740,0,,,
21,0.0021790306,2087-06-21 02:00:00,2087,6,741,0,,,
22,0.00309027,2087-06-08 19:00:00,2087,6,742,0,,,
23,0.0026443908,2087-06-14 18:00:00,2087,6,743,0,,,
24,0.0029684557,2087-06-08 12:00:00,2087,6,744,0,,,
25,0.008427967,2087-06-21 01:00:00,2087,6,745,0,,,
26,0.004690608,2087-06-21 01:00:00,2087,6,746,0,,,
27,0.004572029,2087-06-08 10:00:00,2087,6,747,0,,,
28,0.0046310555,2087-06-21 22:00:00,2087,6,748,0,,,
29,0.0032163237,2087-06-08 20:00:00,2087,6,749,0,,,
0,0.002908339,2087-07-09 05:00:00,2087,7,750,0,,,
1,0.0011056063,2087-07-09 06:00:00,2087,7,751,0,,,
2,0.0013906589,2087-07-20 16:00:00,2087,7,752,0,,,
3,0.0028955317,2087-07-01 23:00:00,2087,7,753,0,,,
4,0.0023024352,2087-07-01 21:00:00,2087,7,754,0,,,
5,0.0018178369,2087-07-01 21:00:00,2087,7,755,0,,,
6,0.0051385183,2087-07-09 04:00:00,2087,7,756,0,,,
7,0.0019898904,2087-07-09 05:00:00,2087,7,757,0,,,
8,0.0008302096,2087-07-09 08:00:00,2087,7,758,0,,,
9,0.0013673283,2087-07-02 09:00:00,2087,7,759,0,,,
10,0.0021059737,2087-07-02 01:00:00,2087,7,760,0,,,
11,0.0024726328,2087-07-01 22:00:00,2087,7,761,0,,,
12,0.0018414009,2087-07-09 00:00:00,2087,7,762,0,,,
13,0.0044780546,2087-07-09 04:00:00,2087,7,763,0,,,
14,0.003507265,2087-07-23 20:00:00,2087,7,764,0,,,
15,0.003396525,2087-07-21 18:00:00,2087,7,765,0,,,
16,0.0024966714,2087-07-09 09:00:00,2087,7,766,0,,,
17,0.0021848017,2087-07-02 11:00:00,2087,7,767,0,,,
18,0.0011451086,2087-07-09 00:00:00,2087,7,768,0,,,
19,0.001816265,2087-07-09 01:00:00,2087,7,769,0,,,
20,0.00295103,2087-07-09 05:00:00,2087,7,770,0,,,
21,0.0025552874,2087-07-21 23:00:00,2087,7,771,0,,,
22,0.0050025005,2087-07-21 19:00:00,2087,7,772,0,,,
23,0.004385154,2087-07-21 20:00:00,2087,7,773,0,,,
24,0.0009635753,2087-07-04 18:00:00,2087,7,774,0,,,
25,0.0016795321,2087-07-09 00:00:00,2087,7,775,0,,,
26,0.0039910115,2087-07-09 00:00:00,2087,7,776,0,,,
27,0.0033318298,2087-07-09 06:00:00,2087,7,777,0,,,
28,0.005102917,2087-07-23 21:00:00,2087,7,778,0,,,
29,0.00376091,2087-07-22 03:00:00,2087,7,779,0,,,
0,0.0027454474,2087-08-13 17:00:00,2087,8,780,0,,,
1,0.003881776,2087-08-13 18:00:00,2087,8,781,0,,,
2,0.0020999822,2087-08-13 17:00:00,2087,8,782,0,,,
3,0.0023059414,2087-08-13 18:00:00,2087,8,783,0,,,
4,0.0040069283,2087-08-13 19:00:00,2087,8,784,0,,,
5,0.0040702526,2087-08-13 20:00:00,2087,8,785,0,,,
6,0.0012144588,2087-08-15 22:00:00,2087,8,786,0,,,
7,0.0029233808,2087-08-13 19:00:00,2087,8,787,0,,,
8,0.0024114293,2087-08-13 14:00:00,2087,8,788,0,,,
9,0.002074831,2087-08-13 22:00:00,2087,8,789,0,,,
10,0.0031616199,2087-08-16 17:00:00,2087,8,790,0,,,
11,0.002714491,2087-08-13 21:00:00,2087,8,791,0,,,
12,0.0031376309,2087-08-16 00:00:00,2087,8,792,0,,,
13,0.0021881938,2087-08-13 20:00:00,2087,8,793,0,,,
14,0.004331216,2087-08-13 20:00:00,2087,8,794,0,,,
15,0.0042905775,2087-08-13 21:00:00,2087,8,795,0,,,
16,0.0020159404,2087-08-13 22:00:00,2087,8,796,0,,,
17,0.0034410253,2087-08-13 22:00:00,2087,8,797,0,,,
18,0.002001832,2087-08-15 19:00:00,2087,8,798,0,,,
19,0.0025726121,2087-08-15 23:00:00,2087,8,799,0,,,
20,0.0028580623,2087-08-15 20:00:00,2087,8,800,0,,,
21,0.003998784,2087-08-06 18:00:00,2087,8,801,0,,,
22,0.0010305129,2087-08-20 08:00:00,2087,8,802,0,,,
23,0.0018713971,2087-08-13 21:00:00,2087,8,803,0,,,
24,0.00227213,2087-08-13 16:00:00,2087,8,804,0,,,
25,0.0037030603,2087-08-13 17:00:00,2087,8,805,0,,,
26,0.0062379576,2087-08-13 18:00:00,2087,8,806,0,,,
27,0.0050143944,2087-08-15 21:00:00,2087,8,807,0,,,
28,0.0038110928,2087-08-16 04:00:00,2087,8,808,0,,,
29,0.0011995722,2087-08-20 08:00:00,2087,8,809,0,,,
0,0.0020403867,2088-06-01 18:00:00,2088,6,810,0,,,
1,0.000771994,2088-06-01 13:00:00,2088,6,811,0,,,
2,0.0017754156,2088-06-01 15:00:00,2088,6,812,0,,,
3,0.003230629,2088-06-01 16:00:00,2088,6,813,0,,,
4,0.0015746129,2088-06-13 05:00:00,2088,6,814,0,,,
5,0.0016944719,2088-06-13 06:00:00,2088,6,815,0,,,
6,0.0012426751,2088-06-01 19:00:00,2088,6,816,0,,,
7,0.0006000557,2088-06-01 14:00:00,2088,6,817,0,,,
8,0.00085187773,2088-06-24 20:00:00,2088,6,818,0,,,
9,0.0014775553,2088-06-01 17:00:00,2088,6,819,0,,,
10,0.0011842939,2088-06-02 16:00:00,2088,6,820,0,,,
11,0.0013877639,2088-06-24 22:00:00,2088,6,821,0,,,
12,0.0011143485,2088-06-01 22:00:00,2088,6,822,0,,,
13,0.0005743003,2088-06-02 08:00:00,2088,6,823,0,,,
14,0.0006127304,2088-06-08 00:00:00,2088,6,824,0,,,
15,0.0009795667,2088-06-07 23:00:00,2088,6,825,0,,,
16,0.0010105852,2088-06-07 22:00:00,2088,6,826,0,,,
17,0.001295377,2088-06-02 15:00:00,2088,6,827,0,,,
18,0.0021402398,2088-06-01 20:00:00,2088,6,828,0,,,
19,0.00083620974,2088-06-01 12:00:00,2088,6,829,0,,,
20,0.0010507656,2088-06-08 00:00:00,2088,6,830,0,,,
21,0.0018901511,2088-06-07 23:00:00,2088,6,831,0,,,
22,0.0024748805,2088-06-07 22:00:00,2088,6,832,0,,,
23,0.0021038137,2088-06-07 21:00:00,2088,6,833,0,,,
24,0.0016700579,2088-06-02 06:00:00,2088,6,834,0,,,
25,0.0006708308,2088-06-06 10:00:00,2088,6,835,0,,,
26,0.00059591286,2088-06-06 14:00:00,2088,6,836,0,,,
27,0.0010744534,2088-06-08 00:00:00,2088,6,837,0,,,
28,0.0014834945,2088-06-07 22:00:00,2088,6,838,0,,,
29,0.0026488334,2088-06-07 21:00:00,2088,6,839,0,,,
0,0.0018968864,2088-07-01 16:00:00,2088,7,840,0,,,
1,0.002386027,2088-07-13 16:00:00,2088,7,841,0,,,
2,0.0022870207,2088-07-06 10:00:00,2088,7,842,0,,,
3,0.0030419184,2088-07-06 14:00:00,2088,7,843,0,,,
4,0.0063997484,2088-07-01 18:00:00,2088,7,844,0,,,
5,0.003253837,2088-07-03 17:00:00,2088,7,845,0,,,
6,0.0011298597,2088-07-13 21:00:00,2088,7,846,0,,,
7,0.0012243047,2088-07-13 12:00:00,2088,7,847,0,,,
8,0.0025086852,2088-07-31 17:00:00,2088,7,848,0,,,
9,0.0031711494,2088-07-03 15:00:00,2088,7,849,0,,,
10,0.002852329,2088-07-03 17:00:00,2088,7,850,0,,,
11,0.003661299,2088-07-06 16:00:00,2088,7,851,0,,,
12,0.00074231054,2088-07-13 12:00:00,2088,7,852,0,,,
13,0.0032119083,2088-07-01 16:00:00,2088,7,853,0,,,
14,0.0068830904,2088-07-13 13:00:00,2088,7,854,0,,,
15,0.0049554403,2088-07-13 14:00:00,2088,7,855,0,,,
16,0.00471,2088-07-03 16:00:00,2088,7,856,0,,,
17,0.0040177326,2088-07-03 17:00:00,2088,7,857,0,,,
18,0.0012235071,2088-07-13 05:00:00,2088,7,858,0,,,
19,0.00091981824,2088-07-01 17:00:00,2088,7,859,0,,,
20,0.0032199034,2088-07-13 14:00:00,2088,7,860,0,,,
21,0.002941483,2088-07-13 14:00:00,2088,7,861,0,,,
22,0.007529805,2088-07-13 15:00:00,2088,7,862,0,,,
23,0.0052122097,2088-07-13 15:00:00,2088,7,863,0,,,
24,0.0019764923,2088-07-13 06:00:00,2088,7,864,0,,,
25,0.0032869736,2088-07-13 06:00:00,2088,7,865,0,,,
26,0.001271537,2088-07-13 09:00:00,2088,7,866,0,,,
27,0.0010985227,2088-07-03 17:00:00,2088,7,867,0,,,
28,0.003589974,2088-07-03 17:00:00,2088,7,868,0,,,
29,0.00937655,2088-07-13 16:00:00,2088,7,869,0,,,
0,0.0040737223,2088-08-08 01:00:00,2088,8,870,0,,,
1,0.0027272124,2088-08-07 17:00:00,2088,8,871,0,,,
2,0.002867868,2088-08-07 18:00:00,2088,8,872,0,,,
3,0.0019908906,2088-08-25 07:00:00,2088,8,873,0,,,
4,0.0027292813,2088-08-25 07:00:00,2088,8,874,0,,,
5,0.0016163221,2088-08-15 14:00:00,2088,8,875,0,,,
6,0.0029129204,2088-08-08 01:00:00,2088,8,876,0,,,
7,0.0025306125,2088-08-24 16:00:00,2088,8,877,0,,,
8,0.0026962901,2088-08-08 02:00:00,2088,8,878,0,,,
9,0.0027099187,2088-08-08 04:00:00,2088,8,879,0,,,
10,0.0041493084,2088-08-07 19:00:00,2088,8,880,0,,,
11,0.0024551547,2088-08-07 20:00:00,2088,8,881,0,,,
12,0.0031214452,2088-08-08 00:00:00,2088,8,882,0,,,
13,0.002439029,2088-08-07 16:00:00,2088,8,883,0,,,
14,0.0037330282,2088-08-08 02:00:00,2088,8,884,0,,,
15,0.0046372996,2088-08-07 17:00:00,2088,8,885,0,,,
16,0.005548174,2088-08-08 05:00:00,2088,8,886,0,,,
17,0.007953865,2088-08-07 20:00:00,2088,8,887,0,,,
18,0.0012373269,2088-08-07 21:00:00,2088,8,888,0,,,
19,0.002530564,2088-08-11 13:00:00,2088,8,889,0,,,
20,0.0020600858,2088-08-12 17:00:00,2088,8,890,0,,,
21,0.004845822,2088-08-07 17:00:00,2088,8,891,0,,,
22,0.0042480663,2088-08-08 04:00:00,2088,8,892,0,,,
23,0.0023488954,2088-08-08 07:00:00,2088,8,893,0,,,
24,0.009850102,2088-08-07 23:00:00,2088,8,894,0,,,
25,0.0036646873,2088-08-07 23:00:00,2088,8,895,0,,,
26,0.0016216106,2088-08-08 10:00:00,2088,8,896,0,,,
27,0.0020005999,2088-08-08 03:00:00,2088,8,897,0,,,
28,0.0030450714,2088-08-12 20:00:00,2088,8,898,0,,,
29,0.004728763,2088-08-08 04:00:00,2088,8,899,0,,,
0,0.0016393862,2089-06-06 04:00:00,2089,6,900,0,,,
1,0.0011828108,2089-06-06 10:00:00,2089,6,901,0,,,
2,0.0010811756,2089-06-14 20:00:00,2089,6,902,0,,,
3,0.0018481335,2089-06-05 19:00:00,2089,6,903,0,,,
4,0.0013517264,2089-06-15 18:00:00,2089,6,904,0,,,
5,0.0013494595,2089-06-07 06:00:00,2089,6,905,0,,,
6,0.0022174674,2089-06-06 06:00:00,2089,6,906,0,,,
7,0.0029295986,2089-06-06 03:00:00,2089,6,907,0,,,
8,0.0014144639,2089-06-06 12:00:00,2089,6,908,0,,,
9,0.0020071708,2089-06-06 19:00:00,2089,6,909,0,,,
10,0.0022142953,2089-06-06 19:00:00,2089,6,910,0,,,
11,0.002434809,2089-06-07 15:00:00,2089,6,911,0,,,
12,0.0015502368,2089-06-06 05:00:00,2089,6,912,0,,,
13,0.002107165,2089-06-06 07:00:00,2089,6,913,0,,,
14,0.0029872588,2089-06-06 09:00:00,2089,6,914,0,,,
15,0.0027595225,2089-06-16 08:00:00,2089,6,915,0,,,
16,0.003215162,2089-06-06 20:00:00,2089,6,916,0,,,
17,0.0029135672,2089-06-06 19:00:00,2089,6,917,0,,,
18,0.0021105,2089-06-16 02:00:00,2089,6,918,0,,,
19,0.003098703,2089-06-16 04:00:00,2089,6,919,0,,,
20,0.003961107,2089-06-16 05:00:00,2089,6,920,0,,,
21,0.003459578,2089-06-16 06:00:00,2089,6,921,0,,,
22,0.0021489018,2089-06-06 14:00:00,2089,6,922,0,,,
23,0.0025242574,2089-06-06 18:00:00,2089,6,923,0,,,
24,0.0031630928,2089-06-14 19:00:00,2089,6,924,0,,,
25,0.0024933403,2089-06-16 03:00:00,2089,6,925,0,,,
26,0.0048379013,2089-06-16 04:00:00,2089,6,926,0,,,
27,0.0045397407,2089-06-16 05:00:00,2089,6,927,0,,,
28,0.0030568906,2089-06-06 12:00:00,2089,6,928,0,,,
29,0.0033145754,2089-06-16 06:00:00,2089,6,929,0,,,
0,0.0010503782,2089-07-17 19:00:00,2089,7,930,0,,,
1,0.0024151178,2089-07-04 16:00:00,2089,7,931,0,,,
2,0.0018213782,2089-07-17 13:00:00,2089,7,932,0,,,
3,0.00094867125,2089-07-17 14:00:00,2089,7,933,0,,,
4,0.000749455,2089-07-17 14:00:00,2089,7,934,0,,,
5,0.0006478691,2089-07-17 23:00:00,2089,7,935,0,,,
6,0.00078584003,2089-07-17 12:00:00,2089,7,936,0,,,
7,0.00051162124,2089-07-17 20:00:00,2089,7,937,0,,,
8,0.0028470396,2089-07-04 19:00:00,2089,7,938,0,,,
9,0.0025730806,2089-07-17 14:00:00,2089,7,939,0,,,
10,0.0024368486,2089-07-17 14:00:00,2089,7,940,0,,,
11,0.0036139302,2089-07-17 15:00:00,2089,7,941,0,,,
12,0.0020706726,2089-07-17 18:00:00,2089,7,942,0,,,
13,0.00095814123,2089-07-04 17:00:00,2089,7,943,0,,,
14,0.005890969,2089-07-04 18:00:00,2089,7,944,0,,,
15,0.0031138544,2089-07-05 19:00:00,2089,7,945,0,,,
16,0.004376723,2089-07-05 16:00:00,2089,7,946,0,,,
17,0.0031731694,2089-07-17 16:00:00,2089,7,947,0,,,
18,0.0037005916,2089-07-04 17:00:00,2089,7,948,0,,,
19,0.010472059,2089-07-04 17:00:00,2089,7,949,0,,,
20,0.0023522219,2089-07-04 18:00:00,2089,7,950,0,,,
21,0.007381945,2089-07-04 18:00:00,2089,7,951,0,,,
22,0.0027122719,2089-07-23 15:00:00,2089,7,952,0,,,
23,0.0026023814,2089-07-17 16:00:00,2089,7,953,0,,,
24,0.006546926,2089-07-04 17:00:00,2089,7,954,0,,,
25,0.0066004377,2089-07-04 17:00:00,2089,7,955,0,,,
26,0.0024357254,2089-07-04 18:00:00,2089,7,956,0,,,
27,0.0017063441,2089-07-27 22:00:00,2089,7,957,0,,,
28,0.004943077,2089-07-17 13:00:00,2089,7,958,0,,,
29,0.0022279958,2089-07-05 18:00:00,2089,7,959,0,,,
0,0.0020652667,2089-08-25 03:00:00,2089,8,960,0,,,
1,0.0015306546,2089-08-08 16:00:00,2089,8,961,0,,,
2,0.0021401604,2089-08-02 13:00:00,2089,8,962,0,,,
3,0.004318196,2089-08-02 15:00:00,2089,8,963,0,,,
4,0.002846693,2089-08-25 18:00:00,2089,8,964,0,,,
5,0.003540718,2089-08-15 18:00:00,2089,8,965,0,,,
6,0.0021624244,2089-08-08 18:00:00,2089,8,966,0,,,
7,0.002164485,2089-08-25 04:00:00,2089,8,967,0,,,
8,0.0021680063,2089-08-15 20:00:00,2089,8,968,0,,,
9,0.002405743,2089-08-25 16:00:00,2089,8,969,0,,,
10,0.007821065,2089-08-02 16:00:00,2089,8,970,0,,,
11,0.0023297623,2089-08-15 22:00:00,2089,8,971,0,,,
12,0.0017430697,2089-08-08 19:00:00,2089,8,972,0,,,
13,0.0013933876,2089-08-25 04:00:00,2089,8,973,0,,,
14,0.0017585278,2089-08-25 05:00:00,2089,8,974,0,,,
15,0.0027784286,2089-08-15 20:00:00,2089,8,975,0,,,
16,0.00561866,2089-08-09 17:00:00,2089,8,976,0,,,
17,0.0040002153,2089-08-02 17:00:00,2089,8,977,0,,,
18,0.0018002844,2089-08-08 18:00:00,2089,8,978,0,,,
19,0.0014207822,2089-08-08 18:00:00,2089,8,979,0,,,
20,0.0017383943,2089-08-15 19:00:00,2089,8,980,0,,,
21,0.0023924322,2089-08-25 05:00:00,2089,8,981,0,,,
22,0.0021790091,2089-08-25 19:00:00,2089,8,982,0,,,
23,0.002180481,2089-08-09 18:00:00,2089,8,983,0,,,
24,0.0049470533,2089-08-09 15:00:00,2089,8,984,0,,,
25,0.010460094,2089-08-08 19:00:00,2089,8,985,0,,,
26,0.0035533914,2089-08-09 16:00:00,2089,8,986,0,,,
27,0.0009783657,2089-08-21 07:00:00,2089,8,987,0,,,
28,0.0028347997,2089-08-09 17:00:00,2089,8,988,0,,,
29,0.004486446,2089-08-25 19:00:00,2089,8,989,0,,,
5,0.0012158624595031142,2079-07-13 01:00:00,2079,7,35,1,2079-06-18 05:00:00,2079-07-30 02:00:00,35.0
4,0.0017255644779652357,2079-08-06 03:00:00,2079,8,64,1,2079-08-05 14:00:00,2079-09-01 00:00:00,64.0
12,0.0022501004859805107,2082-07-10 05:00:00,2082,7,312,1,2082-06-10 14:00:00,2082-07-29 23:00:00,312.0
13,0.001270393724553287,2082-07-10 06:00:00,2082,7,313,1,2082-06-10 14:00:00,2082-07-30 00:00:00,313.0
25,0.0019438272574916482,2082-07-10 06:00:00,2082,7,325,1,2082-06-10 15:00:00,2082-07-29 21:00:00,325.0
11,0.0024728956632316113,2083-06-08 20:00:00,2083,6,371,1,2083-05-31 00:00:00,2083-06-26 17:00:00,371.0
23,0.0036622972693294287,2083-06-08 15:00:00,2083,6,383,1,2083-05-31 00:00:00,2083-06-26 00:00:00,383.0
0,0.0005748992552980781,2085-07-26 01:00:00,2085,7,570,1,2085-07-04 17:00:00,2085-08-13 07:00:00,570.0
16,0.002058156533166766,2085-07-26 03:00:00,2085,7,586,1,2085-06-25 21:00:00,2085-07-28 01:00:00,586.0
28,0.0012055622646585107,2085-08-11 16:00:00,2085,8,628,1,2085-08-04 05:00:00,2085-09-01 00:00:00,628.0
11,0.0006730902823619545,2086-06-21 14:00:00,2086,6,641,1,2086-05-31 00:00:00,2086-06-26 21:00:00,641.0
